-- phpMyAdmin SQL Dump
-- version 5.2.1
-- https://www.phpmyadmin.net/
--
-- Host: 127.0.0.1
-- Generation Time: Sep 12, 2025 at 04:43 AM
-- Server version: 10.4.32-MariaDB
-- PHP Version: 8.2.12

SET SQL_MODE = "NO_AUTO_VALUE_ON_ZERO";
START TRANSACTION;
SET time_zone = "+00:00";


/*!40101 SET @OLD_CHARACTER_SET_CLIENT=@@CHARACTER_SET_CLIENT */;
/*!40101 SET @OLD_CHARACTER_SET_RESULTS=@@CHARACTER_SET_RESULTS */;
/*!40101 SET @OLD_COLLATION_CONNECTION=@@COLLATION_CONNECTION */;
/*!40101 SET NAMES utf8mb4 */;

--
-- Database: `speha`
--

-- --------------------------------------------------------

--
-- Table structure for table `anemometer`
--

CREATE TABLE `anemometer` (
  `id` int(11) NOT NULL,
  `kecepatan` float DEFAULT NULL,
  `waktu` datetime DEFAULT NULL
) ENGINE=InnoDB DEFAULT CHARSET=utf8mb4 COLLATE=utf8mb4_general_ci;

--
-- Dumping data for table `anemometer`
--

INSERT INTO `anemometer` (`id`, `kecepatan`, `waktu`) VALUES
(280, 1728, '2025-06-27 20:51:36'),
(281, 11232, '2025-06-27 20:51:46'),
(282, 10368, '2025-06-27 20:51:56'),
(283, 15552, '2025-06-27 20:52:06'),
(284, 0, '2025-06-27 20:56:16'),
(285, 11232, '2025-06-27 20:56:26'),
(286, 19008, '2025-06-27 20:56:36'),
(287, 14688, '2025-06-27 20:56:46'),
(288, 19008, '2025-06-27 20:56:56'),
(289, 5184, '2025-06-27 20:57:06'),
(290, 0, '2025-06-27 20:57:16'),
(291, 0, '2025-06-27 20:57:27'),
(292, 0, '2025-06-27 20:57:36'),
(293, 0, '2025-06-27 20:57:46'),
(294, 0, '2025-06-27 20:57:56'),
(295, 0, '2025-06-27 20:58:06'),
(296, 0, '2025-06-27 20:58:16'),
(297, 0, '2025-06-27 20:58:26'),
(298, 0, '2025-06-27 20:58:36'),
(299, 0, '2025-06-27 20:58:47'),
(300, 0, '2025-06-27 20:58:56'),
(301, 0, '2025-06-27 20:59:06'),
(302, 0, '2025-06-27 20:59:17'),
(303, 0, '2025-06-27 20:59:26'),
(304, 0, '2025-06-27 20:59:36'),
(305, 0, '2025-06-27 20:59:47'),
(306, 0, '2025-07-23 08:18:31'),
(307, 0, '2025-07-23 08:18:41'),
(308, 0, '2025-07-23 08:18:51'),
(309, 0, '2025-07-23 08:19:01'),
(310, 0, '2025-07-23 08:19:11'),
(311, 0, '2025-07-23 08:19:21'),
(312, 0, '2025-07-23 08:19:31'),
(313, 0, '2025-07-23 08:19:41'),
(314, 0, '2025-07-23 08:19:51'),
(315, 2592, '2025-07-23 08:20:01'),
(316, 5184, '2025-07-23 08:20:11'),
(317, 4320, '2025-07-23 08:20:21'),
(318, 6048, '2025-07-23 08:20:31'),
(319, 6048, '2025-07-23 08:20:41'),
(320, 6048, '2025-07-23 08:20:51'),
(321, 4320, '2025-07-23 08:21:01'),
(322, 1728, '2025-07-23 08:21:11'),
(323, 4320, '2025-07-23 08:21:21'),
(324, 5184, '2025-07-23 08:21:31'),
(325, 6048, '2025-07-23 08:21:41'),
(326, 6912, '2025-07-23 08:21:51'),
(327, 5184, '2025-07-23 08:22:01'),
(328, 4320, '2025-07-23 08:22:11'),
(329, 5184, '2025-07-23 08:22:21'),
(330, 6048, '2025-07-23 08:22:31'),
(331, 4320, '2025-07-23 08:22:41'),
(332, 0, '2025-07-23 08:22:51'),
(333, 1728, '2025-07-23 08:23:01'),
(334, 0, '2025-07-23 08:23:11'),
(335, 864, '2025-07-23 08:23:21'),
(336, 3456, '2025-07-23 08:23:31'),
(337, 5184, '2025-07-23 08:23:41'),
(338, 6048, '2025-07-23 08:23:51'),
(339, 6048, '2025-07-23 08:24:01'),
(340, 6048, '2025-07-23 08:24:11'),
(341, 6048, '2025-07-23 08:24:21'),
(342, 6048, '2025-07-23 08:24:31'),
(343, 5184, '2025-07-23 08:24:41'),
(344, 6912, '2025-07-23 08:24:51'),
(345, 5184, '2025-07-23 08:25:01'),
(346, 6048, '2025-07-23 08:25:11'),
(347, 5184, '2025-07-23 08:25:21'),
(348, 6048, '2025-07-23 08:25:31'),
(349, 2592, '2025-07-23 08:25:41'),
(350, 0, '2025-07-23 08:25:51'),
(351, 0, '2025-07-23 08:26:01'),
(352, 0, '2025-07-23 08:26:11'),
(353, 0, '2025-07-23 08:26:21'),
(354, 0, '2025-07-23 08:26:31'),
(355, 0, '2025-07-23 08:26:41'),
(356, 0, '2025-07-23 08:26:51'),
(357, 0, '2025-07-23 08:27:01'),
(358, 0, '2025-07-23 08:27:11'),
(359, 0, '2025-07-23 08:27:21'),
(360, 0, '2025-07-23 08:27:41'),
(361, 0, '2025-07-23 08:28:01'),
(362, 0, '2025-07-23 08:28:11'),
(363, 0, '2025-07-23 08:28:21'),
(364, 0, '2025-07-23 08:28:31'),
(365, 0, '2025-07-23 08:28:41'),
(366, 0, '2025-07-23 08:28:53'),
(367, 0, '2025-07-23 08:29:01'),
(368, 0, '2025-07-23 08:29:11'),
(369, 0, '2025-07-23 08:29:21'),
(370, 0, '2025-07-23 08:29:31'),
(371, 0, '2025-07-23 08:29:41'),
(372, 0, '2025-07-23 08:29:51'),
(373, 0, '2025-07-23 08:30:01'),
(374, 0, '2025-07-23 08:30:11'),
(375, 0, '2025-07-23 08:30:21'),
(376, 0, '2025-07-23 08:30:32'),
(377, 0, '2025-07-23 08:30:42'),
(378, 0, '2025-07-23 08:30:51'),
(379, 0, '2025-07-23 08:31:01'),
(380, 5000, '2025-07-25 07:00:00'),
(381, 0, '2025-08-09 13:31:23'),
(382, 0, '2025-08-09 13:31:32'),
(383, 0, '2025-08-09 13:31:42'),
(384, 0, '2025-08-09 13:31:55'),
(385, 0, '2025-08-09 13:32:03'),
(386, 0, '2025-08-09 13:38:57'),
(387, 0, '2025-08-09 13:39:05'),
(388, 0, '2025-08-09 13:39:15'),
(389, 0, '2025-08-09 13:39:25'),
(390, 0, '2025-08-09 13:39:36'),
(391, 0, '2025-08-09 13:39:45'),
(392, 0, '2025-08-09 13:39:55'),
(393, 0, '2025-08-09 13:40:05'),
(394, 0, '2025-08-09 13:40:15'),
(395, 0, '2025-08-09 13:40:26'),
(396, 0, '2025-08-09 13:40:35'),
(397, 0, '2025-08-09 13:40:45'),
(398, 0, '2025-08-09 13:40:55'),
(399, 0, '2025-08-09 13:41:05'),
(400, 0, '2025-08-09 13:41:15'),
(401, 0, '2025-08-09 13:41:25'),
(402, 0, '2025-08-09 13:41:35'),
(403, 0, '2025-08-09 13:41:45'),
(404, 0, '2025-08-09 13:41:55'),
(405, 0, '2025-08-09 13:42:05'),
(406, 0, '2025-08-09 13:42:15'),
(407, 0, '2025-08-09 13:42:26'),
(408, 0, '2025-08-09 13:42:36'),
(409, 0, '2025-08-09 13:42:45'),
(410, 0, '2025-08-09 13:42:56'),
(411, 0, '2025-08-09 13:43:06'),
(412, 864, '2025-08-09 13:54:19'),
(413, 864, '2025-08-09 13:54:27'),
(414, 864, '2025-08-09 13:54:37'),
(415, 864, '2025-08-09 13:54:47'),
(416, 864, '2025-08-09 13:54:57'),
(417, 864, '2025-08-09 13:55:07'),
(418, 864, '2025-08-09 13:55:17'),
(419, 864, '2025-08-09 13:55:27'),
(420, 864, '2025-08-09 13:55:37'),
(421, 864, '2025-08-09 13:55:47'),
(422, 864, '2025-08-09 13:55:57'),
(423, 864, '2025-08-09 13:56:07'),
(424, 864, '2025-08-09 13:56:17'),
(425, 864, '2025-08-09 13:56:27'),
(426, 864, '2025-08-09 13:56:37'),
(427, 864, '2025-08-09 13:56:48'),
(428, 864, '2025-08-09 13:56:58'),
(429, 864, '2025-08-09 13:57:07'),
(430, 864, '2025-08-09 13:57:18'),
(431, 864, '2025-08-09 13:57:27'),
(432, 864, '2025-08-09 13:57:38'),
(433, 864, '2025-08-09 13:57:48'),
(434, 864, '2025-08-09 13:57:58'),
(435, 864, '2025-08-09 13:58:08'),
(436, 864, '2025-08-09 13:58:18'),
(437, 864, '2025-08-09 13:58:28'),
(438, 864, '2025-08-09 13:58:38'),
(439, 864, '2025-08-09 13:58:48'),
(440, 864, '2025-08-09 13:58:58'),
(441, 864, '2025-08-09 13:59:08'),
(442, 864, '2025-08-09 13:59:18'),
(443, 864, '2025-08-09 13:59:28'),
(444, 864, '2025-08-09 13:59:38'),
(445, 864, '2025-08-09 13:59:48'),
(446, 864, '2025-08-09 13:59:58'),
(447, 864, '2025-08-09 14:00:08'),
(448, 864, '2025-08-09 14:00:18'),
(449, 864, '2025-08-09 14:00:28'),
(450, 864, '2025-08-09 14:00:38'),
(451, 864, '2025-08-09 14:00:48'),
(452, 864, '2025-08-09 14:00:58'),
(453, 864, '2025-08-09 14:01:08'),
(454, 864, '2025-08-09 14:01:18'),
(455, 864, '2025-08-09 14:01:28'),
(456, 864, '2025-08-09 14:01:38'),
(457, 864, '2025-08-09 14:01:48'),
(458, 864, '2025-08-09 14:01:58'),
(459, 864, '2025-08-09 14:02:08'),
(460, 864, '2025-08-09 14:02:18'),
(461, 864, '2025-08-09 14:02:28'),
(462, 864, '2025-08-09 14:02:38'),
(463, 864, '2025-08-09 14:02:48'),
(464, 864, '2025-08-09 14:02:58'),
(465, 864, '2025-08-09 14:03:08'),
(466, 864, '2025-08-09 14:03:18'),
(467, 864, '2025-08-09 14:03:28'),
(468, 864, '2025-08-09 14:03:39'),
(469, 864, '2025-08-09 14:03:48'),
(470, 864, '2025-08-09 14:03:58'),
(471, 864, '2025-08-09 14:04:08'),
(472, 864, '2025-08-09 14:04:18'),
(473, 864, '2025-08-09 14:04:29'),
(474, 864, '2025-08-09 14:04:39'),
(475, 864, '2025-08-09 14:04:49'),
(476, 864, '2025-08-09 14:04:58'),
(477, 864, '2025-08-09 14:05:08'),
(478, 864, '2025-08-09 14:05:18'),
(479, 864, '2025-08-09 14:05:29'),
(480, 864, '2025-08-09 14:05:39'),
(481, 864, '2025-08-09 14:05:49'),
(482, 864, '2025-08-09 14:05:59'),
(483, 864, '2025-08-09 14:06:09'),
(484, 864, '2025-08-09 14:06:19'),
(485, 864, '2025-08-09 14:06:29'),
(486, 864, '2025-08-09 14:06:39'),
(487, 864, '2025-08-09 14:06:49'),
(488, 864, '2025-08-09 14:06:59'),
(489, 864, '2025-08-09 14:07:09'),
(490, 864, '2025-08-09 14:07:19'),
(491, 864, '2025-08-09 14:07:29'),
(492, 864, '2025-08-09 14:07:39'),
(493, 864, '2025-08-09 14:07:49'),
(494, 864, '2025-08-09 14:07:59'),
(495, 864, '2025-08-09 14:08:09'),
(496, 864, '2025-08-09 14:08:19'),
(497, 864, '2025-08-09 14:08:29'),
(498, 864, '2025-08-09 14:08:39'),
(499, 864, '2025-08-09 14:08:49'),
(500, 864, '2025-08-09 14:08:59'),
(501, 864, '2025-08-09 14:09:09'),
(502, 864, '2025-08-09 14:09:19'),
(503, 864, '2025-08-09 14:09:29'),
(504, 864, '2025-08-09 14:09:39'),
(505, 864, '2025-08-09 14:09:49'),
(506, 864, '2025-08-09 14:09:59'),
(507, 864, '2025-08-09 14:10:09'),
(508, 864, '2025-08-09 14:10:19'),
(509, 864, '2025-08-09 14:10:29'),
(510, 864, '2025-08-09 14:10:39'),
(511, 864, '2025-08-09 14:10:49'),
(512, 864, '2025-08-09 14:10:59'),
(513, 864, '2025-08-09 14:11:10'),
(514, 864, '2025-08-09 14:11:20'),
(515, 864, '2025-08-09 14:11:29'),
(516, 864, '2025-08-09 14:11:39'),
(517, 864, '2025-08-09 14:11:49'),
(518, 864, '2025-08-09 14:11:59'),
(519, 864, '2025-08-09 14:12:10'),
(520, 864, '2025-08-09 14:12:19'),
(521, 864, '2025-08-09 14:12:29'),
(522, 864, '2025-08-09 14:12:40'),
(523, 864, '2025-08-09 14:12:49'),
(524, 864, '2025-08-09 14:13:00'),
(525, 864, '2025-08-09 14:13:10'),
(526, 864, '2025-08-09 14:13:20'),
(527, 864, '2025-08-09 14:13:30'),
(528, 0, '2025-08-09 14:45:01'),
(529, 0, '2025-08-09 14:45:10'),
(530, 0, '2025-08-09 14:45:20'),
(531, 0, '2025-08-09 14:45:30'),
(532, 0, '2025-08-09 14:45:55'),
(533, 0, '2025-08-09 14:46:01'),
(534, 0, '2025-08-09 14:46:11'),
(535, 0, '2025-08-09 14:46:21'),
(536, 0, '2025-08-09 14:46:31'),
(537, 0, '2025-08-09 14:46:41'),
(538, 0, '2025-08-09 14:46:51'),
(539, 0, '2025-08-09 14:47:01'),
(540, 864, '2025-08-09 14:47:11'),
(541, 0, '2025-08-09 14:47:21'),
(542, 864, '2025-08-09 14:47:31'),
(543, 864, '2025-08-09 14:47:41'),
(544, 864, '2025-08-09 14:47:51'),
(545, 0, '2025-08-09 14:57:39'),
(546, 0, '2025-08-09 14:57:47'),
(547, 0, '2025-08-09 14:57:57'),
(548, 3456, '2025-08-09 14:58:07'),
(549, 6048, '2025-08-09 14:58:18'),
(550, 2592, '2025-08-09 14:58:27'),
(551, 0, '2025-08-09 14:58:38'),
(552, 0, '2025-08-09 14:58:48'),
(553, 0, '2025-08-09 14:58:58'),
(554, 2592, '2025-08-09 14:59:07'),
(555, 1728, '2025-08-09 14:59:17'),
(556, 0, '2025-08-09 14:59:28'),
(557, 0, '2025-08-09 14:59:38'),
(558, 0, '2025-08-09 14:59:48'),
(559, 0, '2025-08-09 14:59:58'),
(560, 0, '2025-08-09 15:00:08'),
(561, 0, '2025-08-09 15:00:18'),
(562, 0, '2025-08-09 15:00:28'),
(563, 0, '2025-08-09 15:00:39'),
(564, 0, '2025-08-09 15:00:49'),
(565, 0, '2025-08-09 15:00:58'),
(566, 0, '2025-08-09 15:01:08'),
(567, 0, '2025-08-09 15:01:19'),
(568, 864, '2025-08-09 15:01:29'),
(569, 2592, '2025-08-09 15:01:39'),
(570, 0, '2025-08-09 15:01:49'),
(571, 5184, '2025-08-09 15:01:59'),
(572, 5184, '2025-08-09 15:02:09'),
(573, 864, '2025-08-09 15:02:19'),
(574, 1728, '2025-08-09 15:02:29'),
(575, 1728, '2025-08-09 15:02:39'),
(576, 6048, '2025-08-09 15:02:49'),
(577, 2592, '2025-08-09 15:02:59'),
(578, 6912, '2025-08-09 15:03:09'),
(579, 5184, '2025-08-09 15:03:19'),
(580, 2592, '2025-08-09 15:03:29'),
(581, 7776, '2025-08-09 15:03:39'),
(582, 2592, '2025-08-09 15:03:49'),
(583, 0, '2025-08-09 15:03:59'),
(584, 0, '2025-08-09 15:04:09'),
(585, 0, '2025-08-09 15:04:19'),
(586, 0, '2025-08-09 15:04:29'),
(587, 0, '2025-08-09 15:04:39'),
(588, 0, '2025-08-09 15:04:49'),
(589, 0, '2025-08-09 15:04:59'),
(590, 0, '2025-08-09 15:05:09'),
(591, 0, '2025-08-09 15:05:19'),
(592, 0, '2025-08-09 15:05:29'),
(593, 0, '2025-08-09 15:05:39'),
(594, 0, '2025-08-09 15:05:49'),
(595, 0, '2025-08-09 15:05:59'),
(596, 0, '2025-08-09 15:06:10'),
(597, 0, '2025-08-09 15:06:19'),
(598, 0, '2025-08-09 15:06:30'),
(599, 0, '2025-08-09 15:06:39'),
(600, 0, '2025-08-09 15:06:49'),
(601, 0, '2025-08-09 15:06:59'),
(602, 0, '2025-08-09 15:07:09'),
(603, 0, '2025-08-09 15:07:19'),
(604, 0, '2025-08-09 15:07:30'),
(605, 0, '2025-08-09 15:07:39'),
(606, 0, '2025-08-09 15:07:51'),
(607, 0, '2025-08-09 15:07:59'),
(608, 0, '2025-08-09 15:08:09'),
(609, 0, '2025-08-09 15:08:20'),
(610, 0, '2025-08-09 15:08:30'),
(611, 0, '2025-08-09 15:08:40'),
(612, 0, '2025-08-09 15:08:50'),
(613, 0, '2025-08-09 15:09:00'),
(614, 0, '2025-08-09 15:09:10'),
(615, 0, '2025-08-09 15:09:20'),
(616, 0, '2025-08-09 15:09:30'),
(617, 0, '2025-08-09 15:09:40'),
(618, 0, '2025-08-09 15:09:50'),
(619, 0, '2025-08-09 15:10:00'),
(620, 0, '2025-08-09 15:10:10'),
(621, 0, '2025-08-09 15:10:20'),
(622, 0, '2025-08-09 15:10:30'),
(623, 0, '2025-08-09 15:10:40'),
(624, 0, '2025-08-09 15:10:50'),
(625, 0, '2025-08-09 15:11:00'),
(626, 0, '2025-08-09 15:11:10'),
(627, 0, '2025-08-09 15:11:20'),
(628, 0, '2025-08-09 15:11:30'),
(629, 0, '2025-08-09 15:11:40'),
(630, 0, '2025-08-09 15:11:50'),
(631, 0, '2025-08-09 15:12:00'),
(632, 0, '2025-08-09 15:12:10'),
(633, 0, '2025-08-09 15:12:20'),
(634, 0, '2025-08-09 15:12:30'),
(635, 0, '2025-08-09 15:12:40'),
(636, 0, '2025-08-09 15:12:50'),
(637, 0, '2025-08-09 15:13:00'),
(638, 0, '2025-08-09 15:13:10'),
(639, 0, '2025-08-09 15:13:20'),
(640, 0, '2025-08-09 15:13:30'),
(641, 0, '2025-08-09 15:13:40'),
(642, 0, '2025-08-09 15:13:50'),
(643, 0, '2025-08-09 15:14:00'),
(644, 0, '2025-08-09 15:14:10'),
(645, 0, '2025-08-09 15:14:20'),
(646, 0, '2025-08-09 15:14:30'),
(647, 0, '2025-08-09 15:14:40'),
(648, 0, '2025-08-09 15:14:50'),
(649, 0, '2025-08-09 15:15:01'),
(650, 0, '2025-08-09 15:15:10'),
(651, 0, '2025-08-09 15:15:21'),
(652, 0, '2025-08-09 15:15:31'),
(653, 0, '2025-08-09 15:15:40'),
(654, 0, '2025-08-09 15:15:51'),
(655, 0, '2025-08-09 15:16:00'),
(656, 0, '2025-08-09 15:16:11'),
(657, 0, '2025-08-09 15:16:21'),
(658, 0, '2025-08-09 15:16:31'),
(659, 0, '2025-08-09 15:16:41'),
(660, 0, '2025-08-09 15:16:51'),
(661, 0, '2025-08-09 15:17:01'),
(662, 0, '2025-08-09 15:17:11'),
(663, 0, '2025-08-09 15:17:21'),
(664, 0, '2025-08-09 15:17:31'),
(665, 0, '2025-08-09 15:17:41'),
(666, 0, '2025-08-09 15:17:51'),
(667, 0, '2025-08-09 15:18:01'),
(668, 0, '2025-08-09 15:18:11'),
(669, 0, '2025-08-09 15:18:21'),
(670, 0, '2025-08-09 15:18:31'),
(671, 0, '2025-08-09 15:18:41'),
(672, 0, '2025-08-09 15:18:51'),
(673, 0, '2025-08-09 15:19:01'),
(674, 0, '2025-08-09 15:19:11'),
(675, 0, '2025-08-09 15:19:21'),
(676, 0, '2025-08-09 15:19:31'),
(677, 0, '2025-08-09 15:19:41'),
(678, 0, '2025-08-09 15:19:51'),
(679, 0, '2025-08-09 15:20:01'),
(680, 0, '2025-08-09 15:20:11'),
(681, 0, '2025-08-09 15:20:21'),
(682, 0, '2025-08-09 15:20:31'),
(683, 0, '2025-08-09 15:20:41'),
(684, 0, '2025-08-09 15:20:51'),
(685, 0, '2025-08-09 15:21:01'),
(686, 0, '2025-08-09 15:21:11'),
(687, 0, '2025-08-09 15:21:21'),
(688, 0, '2025-08-09 15:21:31'),
(689, 0, '2025-08-09 15:21:41'),
(690, 0, '2025-08-09 15:21:52'),
(691, 0, '2025-08-09 15:22:01'),
(692, 0, '2025-08-09 15:22:11'),
(693, 0, '2025-08-09 15:22:21'),
(694, 0, '2025-08-09 15:22:31'),
(695, 0, '2025-08-09 15:22:41'),
(696, 0, '2025-08-09 15:22:52'),
(697, 0, '2025-08-09 15:23:01'),
(698, 0, '2025-08-09 15:23:12'),
(699, 0, '2025-08-09 15:23:22'),
(700, 0, '2025-08-09 15:23:31'),
(701, 0, '2025-08-09 15:23:41'),
(702, 0, '2025-08-09 15:23:52'),
(703, 0, '2025-08-09 15:24:02'),
(704, 0, '2025-08-09 15:24:12'),
(705, 0, '2025-08-09 15:24:22'),
(706, 0, '2025-08-09 15:24:32'),
(707, 0, '2025-08-09 15:24:42'),
(708, 0, '2025-08-09 15:24:52'),
(709, 0, '2025-08-09 15:25:02'),
(710, 0, '2025-08-09 15:25:12'),
(711, 0, '2025-08-09 15:25:22'),
(712, 0, '2025-08-09 15:25:32'),
(713, 0, '2025-08-09 15:25:42'),
(714, 0, '2025-08-09 15:25:52'),
(715, 0, '2025-08-09 15:26:02'),
(716, 0, '2025-08-09 15:26:12'),
(717, 0, '2025-08-09 15:26:22'),
(718, 0, '2025-08-09 15:26:32'),
(719, 0, '2025-08-09 15:26:42'),
(720, 0, '2025-08-09 15:26:52'),
(721, 0, '2025-08-09 15:27:02'),
(722, 0, '2025-08-09 15:27:12'),
(723, 0, '2025-08-09 15:27:22'),
(724, 0, '2025-08-09 15:27:32'),
(725, 0, '2025-08-09 15:27:42'),
(726, 0, '2025-08-09 15:27:52'),
(727, 0, '2025-08-09 15:28:02'),
(728, 0, '2025-08-09 15:28:13'),
(729, 0, '2025-08-09 15:28:22'),
(730, 0, '2025-08-09 15:28:32'),
(731, 0, '2025-08-09 15:28:42'),
(732, 0, '2025-08-09 15:28:52'),
(733, 0, '2025-08-09 15:29:02'),
(734, 0, '2025-08-09 15:29:12'),
(735, 0, '2025-08-09 15:29:22'),
(736, 0, '2025-08-09 15:29:32'),
(737, 0, '2025-08-09 15:29:43'),
(738, 0, '2025-08-09 15:29:52'),
(739, 0, '2025-08-09 15:30:02'),
(740, 0, '2025-08-09 15:30:12'),
(741, 0, '2025-08-09 15:30:22'),
(742, 0, '2025-08-09 15:30:33'),
(743, 0, '2025-08-09 15:30:43'),
(744, 0, '2025-08-09 15:30:53'),
(745, 0, '2025-08-09 15:30:54'),
(746, 0, '2025-08-09 15:31:04'),
(747, 0, '2025-08-09 15:31:14'),
(748, 0, '2025-08-09 15:31:23'),
(749, 0, '2025-08-09 15:31:34'),
(750, 0, '2025-08-09 15:31:44'),
(751, 0, '2025-08-09 15:31:51'),
(752, 0, '2025-08-09 15:31:51'),
(753, 0, '2025-08-09 15:32:11'),
(754, 0, '2025-08-09 15:32:21'),
(755, 0, '2025-08-09 15:32:31'),
(756, 4320, '2025-08-09 15:32:41'),
(757, 864, '2025-08-09 15:32:51'),
(758, 0, '2025-08-09 15:33:01'),
(759, 0, '2025-08-09 15:33:11'),
(760, 0, '2025-08-09 15:33:21'),
(761, 0, '2025-08-09 15:33:31'),
(762, 0, '2025-08-09 15:33:41'),
(763, 0, '2025-08-09 15:33:51'),
(764, 0, '2025-08-09 15:34:01'),
(765, 0, '2025-08-09 15:34:11'),
(766, 0, '2025-08-09 15:34:21'),
(767, 0, '2025-08-09 15:34:32'),
(768, 0, '2025-08-09 15:34:42'),
(769, 0, '2025-08-09 15:34:52'),
(770, 0, '2025-08-09 15:35:01'),
(771, 0, '2025-08-09 15:35:11'),
(772, 0, '2025-08-09 15:35:21'),
(773, 0, '2025-08-09 15:35:31'),
(774, 0, '2025-08-09 15:35:42'),
(775, 0, '2025-08-09 15:35:52'),
(776, 0, '2025-08-09 15:36:01'),
(777, 0, '2025-08-09 15:36:12'),
(778, 0, '2025-08-09 15:36:22'),
(779, 0, '2025-08-09 15:36:32'),
(780, 0, '2025-08-09 15:36:42'),
(781, 0, '2025-08-09 15:36:52'),
(782, 0, '2025-08-09 15:37:02'),
(783, 0, '2025-08-09 15:37:12'),
(784, 0, '2025-08-09 15:37:22'),
(785, 0, '2025-08-09 15:37:32'),
(786, 0, '2025-08-09 15:37:42'),
(787, 0, '2025-08-09 15:37:52'),
(788, 0, '2025-08-09 15:38:02'),
(789, 0, '2025-08-09 15:38:12'),
(790, 0, '2025-08-09 15:38:22'),
(791, 0, '2025-08-09 15:38:32'),
(792, 0, '2025-08-09 15:38:42'),
(793, 0, '2025-08-09 15:38:52'),
(794, 0, '2025-08-09 15:39:03'),
(795, 0, '2025-08-09 15:39:12'),
(796, 0, '2025-08-09 15:39:23'),
(797, 0, '2025-08-09 15:39:32'),
(798, 0, '2025-08-09 15:39:42'),
(799, 0, '2025-08-09 15:39:52'),
(800, 0, '2025-08-09 15:40:02'),
(801, 864, '2025-08-09 15:40:13'),
(802, 0, '2025-08-09 15:40:26'),
(803, 0, '2025-08-09 15:40:32'),
(804, 0, '2025-08-09 15:40:42'),
(805, 0, '2025-08-09 15:40:52'),
(806, 0, '2025-08-09 15:41:02'),
(807, 0, '2025-08-09 15:41:12'),
(808, 6912, '2025-08-09 15:41:22'),
(809, 8640, '2025-08-09 15:41:32'),
(810, 6048, '2025-08-09 15:41:42'),
(811, 8640, '2025-08-09 15:41:52'),
(812, 4320, '2025-08-09 15:42:02'),
(813, 2592, '2025-08-09 15:42:13'),
(814, 3456, '2025-08-09 15:42:23'),
(815, 6912, '2025-08-09 15:42:32'),
(816, 1728, '2025-08-09 15:42:42'),
(817, 2592, '2025-08-09 15:42:52'),
(818, 6912, '2025-08-09 15:43:02'),
(819, 4320, '2025-08-09 15:43:12'),
(820, 4320, '2025-08-09 15:43:22'),
(821, 5184, '2025-08-09 15:43:32'),
(822, 6912, '2025-08-09 15:43:43'),
(823, 19, '2025-07-25 00:00:00'),
(824, 19, '2025-08-10 13:21:14');

-- --------------------------------------------------------

--
-- Table structure for table `aturan_hama`
--

CREATE TABLE `aturan_hama` (
  `id` int(11) NOT NULL,
  `hama_id` int(11) NOT NULL,
  `suhu_min` decimal(5,2) DEFAULT NULL,
  `suhu_max` decimal(5,2) DEFAULT NULL,
  `kelembaban_min` decimal(5,2) DEFAULT NULL,
  `kelembaban_max` decimal(5,2) DEFAULT NULL,
  `curah_hujan_min` decimal(5,2) DEFAULT NULL,
  `curah_hujan_max` decimal(5,2) DEFAULT NULL,
  `kecepatan_angin_min` decimal(5,2) DEFAULT NULL,
  `kecepatan_angin_max` decimal(5,2) DEFAULT NULL
) ENGINE=InnoDB DEFAULT CHARSET=utf8mb4 COLLATE=utf8mb4_general_ci;

--
-- Dumping data for table `aturan_hama`
--

INSERT INTO `aturan_hama` (`id`, `hama_id`, `suhu_min`, `suhu_max`, `kelembaban_min`, `kelembaban_max`, `curah_hujan_min`, `curah_hujan_max`, `kecepatan_angin_min`, `kecepatan_angin_max`) VALUES
(1, 1, 25.00, 32.00, 70.00, 90.00, 10.00, 50.00, 0.00, 15.00),
(2, 2, 22.00, 35.00, 60.00, 85.00, 0.00, 30.00, 0.00, 20.00),
(3, 3, 20.00, 30.00, 65.00, 90.00, 5.00, 40.00, 0.00, 10.00),
(4, 4, 18.00, 28.00, 50.00, 80.00, 0.00, 20.00, 0.00, 25.00),
(5, 5, 15.00, 25.00, 80.00, 95.00, 30.00, 100.00, 0.00, 10.00);

-- --------------------------------------------------------

--
-- Table structure for table `curah_hujan`
--

CREATE TABLE `curah_hujan` (
  `id` int(11) NOT NULL,
  `nilai` float(5,2) NOT NULL,
  `waktu` datetime DEFAULT current_timestamp()
) ENGINE=InnoDB DEFAULT CHARSET=utf8mb4 COLLATE=utf8mb4_general_ci;

--
-- Dumping data for table `curah_hujan`
--

INSERT INTO `curah_hujan` (`id`, `nilai`, `waktu`) VALUES
(410, 0.30, '2025-06-27 20:57:36'),
(411, 0.30, '2025-06-27 20:57:46'),
(412, 0.30, '2025-06-27 20:57:56'),
(413, 0.30, '2025-06-27 20:58:06'),
(414, 0.30, '2025-06-27 20:58:16'),
(415, 0.30, '2025-06-27 20:58:26'),
(416, 0.30, '2025-06-27 20:58:36'),
(417, 0.30, '2025-06-27 20:58:47'),
(418, 0.30, '2025-06-27 20:58:56'),
(419, 0.30, '2025-06-27 20:59:06'),
(420, 0.30, '2025-06-27 20:59:16'),
(421, 0.30, '2025-06-27 20:59:26'),
(422, 0.30, '2025-06-27 20:59:36'),
(423, 0.30, '2025-06-27 20:59:47'),
(424, 0.00, '2025-07-23 08:18:31'),
(425, 0.00, '2025-07-23 08:18:41'),
(426, 0.00, '2025-07-23 08:18:51'),
(427, 0.00, '2025-07-23 08:19:01'),
(428, 0.00, '2025-07-23 08:19:11'),
(429, 0.00, '2025-07-23 08:19:21'),
(430, 0.00, '2025-07-23 08:19:31'),
(431, 0.00, '2025-07-23 08:19:41'),
(432, 0.00, '2025-07-23 08:19:51'),
(433, 0.00, '2025-07-23 08:20:01'),
(434, 0.00, '2025-07-23 08:20:11'),
(435, 0.00, '2025-07-23 08:20:21'),
(436, 0.00, '2025-07-23 08:20:31'),
(437, 0.00, '2025-07-23 08:20:41'),
(438, 0.00, '2025-07-23 08:20:51'),
(439, 0.00, '2025-07-23 08:21:01'),
(440, 0.00, '2025-07-23 08:21:11'),
(441, 0.00, '2025-07-23 08:21:21'),
(442, 0.00, '2025-07-23 08:21:31'),
(443, 0.30, '2025-07-23 08:21:41'),
(444, 1.20, '2025-07-23 08:21:51'),
(445, 1.20, '2025-07-23 08:22:01'),
(446, 1.20, '2025-07-23 08:22:11'),
(447, 1.20, '2025-07-23 08:22:21'),
(448, 1.20, '2025-07-23 08:22:31'),
(449, 2.10, '2025-07-23 08:22:41'),
(450, 3.00, '2025-07-23 08:22:51'),
(451, 3.00, '2025-07-23 08:23:01'),
(452, 3.00, '2025-07-23 08:23:11'),
(453, 3.00, '2025-07-23 08:23:21'),
(454, 3.00, '2025-07-23 08:23:31'),
(455, 3.00, '2025-07-23 08:23:41'),
(456, 3.00, '2025-07-23 08:23:51'),
(457, 3.00, '2025-07-23 08:24:01'),
(458, 3.00, '2025-07-23 08:24:11'),
(459, 3.00, '2025-07-23 08:24:21'),
(460, 3.00, '2025-07-23 08:24:31'),
(461, 3.30, '2025-07-23 08:24:41'),
(462, 3.30, '2025-07-23 08:24:51'),
(463, 3.30, '2025-07-23 08:25:01'),
(464, 3.30, '2025-07-23 08:25:11'),
(465, 3.30, '2025-07-23 08:25:21'),
(466, 3.30, '2025-07-23 08:25:31'),
(467, 3.30, '2025-07-23 08:25:41'),
(468, 3.30, '2025-07-23 08:25:51'),
(469, 3.30, '2025-07-23 08:26:01'),
(470, 3.30, '2025-07-23 08:26:11'),
(471, 3.30, '2025-07-23 08:26:21'),
(472, 3.30, '2025-07-23 08:26:31'),
(473, 3.30, '2025-07-23 08:26:41'),
(474, 3.30, '2025-07-23 08:26:51'),
(475, 3.30, '2025-07-23 08:27:01'),
(476, 3.30, '2025-07-23 08:27:11'),
(477, 3.30, '2025-07-23 08:27:21'),
(478, 3.30, '2025-07-23 08:27:41'),
(479, 3.30, '2025-07-23 08:28:01'),
(480, 3.30, '2025-07-23 08:28:11'),
(481, 3.30, '2025-07-23 08:28:21'),
(482, 3.30, '2025-07-23 08:28:31'),
(483, 3.30, '2025-07-23 08:28:41'),
(484, 3.30, '2025-07-23 08:28:53'),
(485, 3.30, '2025-07-23 08:29:01'),
(486, 3.30, '2025-07-23 08:29:11'),
(487, 3.30, '2025-07-23 08:29:21'),
(488, 3.30, '2025-07-23 08:29:31'),
(489, 3.30, '2025-07-23 08:29:41'),
(490, 3.30, '2025-07-23 08:29:51'),
(491, 3.30, '2025-07-23 08:30:01'),
(492, 3.30, '2025-07-23 08:30:11'),
(493, 3.30, '2025-07-23 08:30:21'),
(494, 3.30, '2025-07-23 08:30:32'),
(495, 3.30, '2025-07-23 08:30:42'),
(496, 3.30, '2025-07-23 08:30:51'),
(497, 3.30, '2025-07-23 08:31:01'),
(498, 15.00, '2025-07-25 07:00:00'),
(499, 0.00, '2025-08-09 13:31:23'),
(500, 0.00, '2025-08-09 13:31:32'),
(501, 0.00, '2025-08-09 13:31:42'),
(502, 0.00, '2025-08-09 13:31:55'),
(503, 0.00, '2025-08-09 13:32:03'),
(504, 0.00, '2025-08-09 13:38:57'),
(505, 0.00, '2025-08-09 13:39:05'),
(506, 0.00, '2025-08-09 13:39:15'),
(507, 0.00, '2025-08-09 13:39:25'),
(508, 0.00, '2025-08-09 13:39:36'),
(509, 0.00, '2025-08-09 13:39:45'),
(510, 0.00, '2025-08-09 13:39:55'),
(511, 0.00, '2025-08-09 13:40:05'),
(512, 0.00, '2025-08-09 13:40:15'),
(513, 0.00, '2025-08-09 13:40:26'),
(514, 0.00, '2025-08-09 13:40:35'),
(515, 0.00, '2025-08-09 13:40:45'),
(516, 0.00, '2025-08-09 13:40:55'),
(517, 0.00, '2025-08-09 13:41:05'),
(518, 0.00, '2025-08-09 13:41:15'),
(519, 0.00, '2025-08-09 13:41:25'),
(520, 0.00, '2025-08-09 13:41:35'),
(521, 0.00, '2025-08-09 13:41:45'),
(522, 0.00, '2025-08-09 13:41:55'),
(523, 0.00, '2025-08-09 13:42:05'),
(524, 0.00, '2025-08-09 13:42:15'),
(525, 0.00, '2025-08-09 13:42:26'),
(526, 0.00, '2025-08-09 13:42:36'),
(527, 0.00, '2025-08-09 13:42:45'),
(528, 0.00, '2025-08-09 13:42:56'),
(529, 0.00, '2025-08-09 13:43:06'),
(530, 0.90, '2025-08-09 13:54:19'),
(531, 0.90, '2025-08-09 13:54:27'),
(532, 0.90, '2025-08-09 13:54:37'),
(533, 0.90, '2025-08-09 13:54:47'),
(534, 0.90, '2025-08-09 13:54:57'),
(535, 0.90, '2025-08-09 13:55:07'),
(536, 0.90, '2025-08-09 13:55:17'),
(537, 0.90, '2025-08-09 13:55:27'),
(538, 0.90, '2025-08-09 13:55:37'),
(539, 0.90, '2025-08-09 13:55:47'),
(540, 0.90, '2025-08-09 13:55:57'),
(541, 0.90, '2025-08-09 13:56:07'),
(542, 0.90, '2025-08-09 13:56:17'),
(543, 0.90, '2025-08-09 13:56:27'),
(544, 0.90, '2025-08-09 13:56:37'),
(545, 0.90, '2025-08-09 13:56:48'),
(546, 0.90, '2025-08-09 13:56:58'),
(547, 0.90, '2025-08-09 13:57:07'),
(548, 0.90, '2025-08-09 13:57:18'),
(549, 0.90, '2025-08-09 13:57:27'),
(550, 0.90, '2025-08-09 13:57:38'),
(551, 0.90, '2025-08-09 13:57:48'),
(552, 0.90, '2025-08-09 13:57:58'),
(553, 0.90, '2025-08-09 13:58:08'),
(554, 0.90, '2025-08-09 13:58:18'),
(555, 0.90, '2025-08-09 13:58:28'),
(556, 0.90, '2025-08-09 13:58:38'),
(557, 0.90, '2025-08-09 13:58:48'),
(558, 0.90, '2025-08-09 13:58:58'),
(559, 0.90, '2025-08-09 13:59:08'),
(560, 0.90, '2025-08-09 13:59:18'),
(561, 0.90, '2025-08-09 13:59:28'),
(562, 0.90, '2025-08-09 13:59:38'),
(563, 0.90, '2025-08-09 13:59:48'),
(564, 0.90, '2025-08-09 13:59:58'),
(565, 0.90, '2025-08-09 14:00:08'),
(566, 0.90, '2025-08-09 14:00:18'),
(567, 0.90, '2025-08-09 14:00:28'),
(568, 0.90, '2025-08-09 14:00:38'),
(569, 0.90, '2025-08-09 14:00:48'),
(570, 0.90, '2025-08-09 14:00:58'),
(571, 0.90, '2025-08-09 14:01:08'),
(572, 0.90, '2025-08-09 14:01:18'),
(573, 0.90, '2025-08-09 14:01:28'),
(574, 0.90, '2025-08-09 14:01:38'),
(575, 0.90, '2025-08-09 14:01:48'),
(576, 0.90, '2025-08-09 14:01:58'),
(577, 0.90, '2025-08-09 14:02:08'),
(578, 0.90, '2025-08-09 14:02:18'),
(579, 0.90, '2025-08-09 14:02:28'),
(580, 0.90, '2025-08-09 14:02:38'),
(581, 0.90, '2025-08-09 14:02:48'),
(582, 0.90, '2025-08-09 14:02:58'),
(583, 0.90, '2025-08-09 14:03:08'),
(584, 0.90, '2025-08-09 14:03:18'),
(585, 0.90, '2025-08-09 14:03:28'),
(586, 0.90, '2025-08-09 14:03:39'),
(587, 0.90, '2025-08-09 14:03:48'),
(588, 0.90, '2025-08-09 14:03:58'),
(589, 0.90, '2025-08-09 14:04:08'),
(590, 0.90, '2025-08-09 14:04:18'),
(591, 0.90, '2025-08-09 14:04:29'),
(592, 0.90, '2025-08-09 14:04:39'),
(593, 0.90, '2025-08-09 14:04:49'),
(594, 0.90, '2025-08-09 14:04:58'),
(595, 0.90, '2025-08-09 14:05:08'),
(596, 0.90, '2025-08-09 14:05:18'),
(597, 0.90, '2025-08-09 14:05:29'),
(598, 0.90, '2025-08-09 14:05:39'),
(599, 0.90, '2025-08-09 14:05:49'),
(600, 0.90, '2025-08-09 14:05:59'),
(601, 0.90, '2025-08-09 14:06:09'),
(602, 0.90, '2025-08-09 14:06:19'),
(603, 0.90, '2025-08-09 14:06:29'),
(604, 0.90, '2025-08-09 14:06:39'),
(605, 0.90, '2025-08-09 14:06:49'),
(606, 0.90, '2025-08-09 14:06:59'),
(607, 0.90, '2025-08-09 14:07:09'),
(608, 0.90, '2025-08-09 14:07:19'),
(609, 0.90, '2025-08-09 14:07:29'),
(610, 0.90, '2025-08-09 14:07:39'),
(611, 0.90, '2025-08-09 14:07:49'),
(612, 0.90, '2025-08-09 14:07:59'),
(613, 0.90, '2025-08-09 14:08:09'),
(614, 0.90, '2025-08-09 14:08:19'),
(615, 0.90, '2025-08-09 14:08:29'),
(616, 0.90, '2025-08-09 14:08:39'),
(617, 0.90, '2025-08-09 14:08:49'),
(618, 0.90, '2025-08-09 14:08:59'),
(619, 0.90, '2025-08-09 14:09:09'),
(620, 0.90, '2025-08-09 14:09:19'),
(621, 0.90, '2025-08-09 14:09:29'),
(622, 0.90, '2025-08-09 14:09:39'),
(623, 0.90, '2025-08-09 14:09:49'),
(624, 0.90, '2025-08-09 14:09:59'),
(625, 0.90, '2025-08-09 14:10:09'),
(626, 0.90, '2025-08-09 14:10:19'),
(627, 0.90, '2025-08-09 14:10:29'),
(628, 0.90, '2025-08-09 14:10:39'),
(629, 0.90, '2025-08-09 14:10:49'),
(630, 0.90, '2025-08-09 14:10:59'),
(631, 0.90, '2025-08-09 14:11:10'),
(632, 0.90, '2025-08-09 14:11:20'),
(633, 0.90, '2025-08-09 14:11:29'),
(634, 0.90, '2025-08-09 14:11:39'),
(635, 0.90, '2025-08-09 14:11:49'),
(636, 0.90, '2025-08-09 14:11:59'),
(637, 0.90, '2025-08-09 14:12:10'),
(638, 0.90, '2025-08-09 14:12:19'),
(639, 0.90, '2025-08-09 14:12:29'),
(640, 0.90, '2025-08-09 14:12:40'),
(641, 0.90, '2025-08-09 14:12:49'),
(642, 0.90, '2025-08-09 14:12:59'),
(643, 0.90, '2025-08-09 14:13:10'),
(644, 0.90, '2025-08-09 14:13:20'),
(645, 0.90, '2025-08-09 14:13:30'),
(646, 0.00, '2025-08-09 14:45:01'),
(647, 0.00, '2025-08-09 14:45:10'),
(648, 0.00, '2025-08-09 14:45:20'),
(649, 0.00, '2025-08-09 14:45:30'),
(650, 0.00, '2025-08-09 14:45:55'),
(651, 0.00, '2025-08-09 14:46:01'),
(652, 0.00, '2025-08-09 14:46:11'),
(653, 0.00, '2025-08-09 14:46:20'),
(654, 0.00, '2025-08-09 14:46:31'),
(655, 0.00, '2025-08-09 14:46:41'),
(656, 0.00, '2025-08-09 14:46:51'),
(657, 0.00, '2025-08-09 14:47:01'),
(658, 0.00, '2025-08-09 14:47:11'),
(659, 0.00, '2025-08-09 14:47:21'),
(660, 0.30, '2025-08-09 14:47:31'),
(661, 0.30, '2025-08-09 14:47:41'),
(662, 0.30, '2025-08-09 14:47:51'),
(663, 0.00, '2025-08-09 14:57:39'),
(664, 0.00, '2025-08-09 14:57:47'),
(665, 0.00, '2025-08-09 14:57:57'),
(666, 1.80, '2025-08-09 14:58:07'),
(667, 6.60, '2025-08-09 14:58:18'),
(668, 8.70, '2025-08-09 14:58:27'),
(669, 8.70, '2025-08-09 14:58:38'),
(670, 8.70, '2025-08-09 14:58:48'),
(671, 8.70, '2025-08-09 14:58:58'),
(672, 8.70, '2025-08-09 14:59:07'),
(673, 8.70, '2025-08-09 14:59:17'),
(674, 8.70, '2025-08-09 14:59:28'),
(675, 8.70, '2025-08-09 14:59:38'),
(676, 8.70, '2025-08-09 14:59:48'),
(677, 8.70, '2025-08-09 14:59:58'),
(678, 8.70, '2025-08-09 15:00:08'),
(679, 8.70, '2025-08-09 15:00:18'),
(680, 8.70, '2025-08-09 15:00:28'),
(681, 8.70, '2025-08-09 15:00:39'),
(682, 8.70, '2025-08-09 15:00:49'),
(683, 8.70, '2025-08-09 15:00:58'),
(684, 8.70, '2025-08-09 15:01:08'),
(685, 8.70, '2025-08-09 15:01:19'),
(686, 8.70, '2025-08-09 15:01:29'),
(687, 8.70, '2025-08-09 15:01:39'),
(688, 8.70, '2025-08-09 15:01:49'),
(689, 8.70, '2025-08-09 15:01:59'),
(690, 8.70, '2025-08-09 15:02:09'),
(691, 8.70, '2025-08-09 15:02:19'),
(692, 8.70, '2025-08-09 15:02:29'),
(693, 8.70, '2025-08-09 15:02:39'),
(694, 8.70, '2025-08-09 15:02:49'),
(695, 8.70, '2025-08-09 15:02:59'),
(696, 8.70, '2025-08-09 15:03:09'),
(697, 8.70, '2025-08-09 15:03:19'),
(698, 8.70, '2025-08-09 15:03:29'),
(699, 8.70, '2025-08-09 15:03:39'),
(700, 8.70, '2025-08-09 15:03:49'),
(701, 8.70, '2025-08-09 15:03:59'),
(702, 8.70, '2025-08-09 15:04:09'),
(703, 8.70, '2025-08-09 15:04:19'),
(704, 8.70, '2025-08-09 15:04:29'),
(705, 8.70, '2025-08-09 15:04:39'),
(706, 8.70, '2025-08-09 15:04:49'),
(707, 8.70, '2025-08-09 15:04:59'),
(708, 8.70, '2025-08-09 15:05:09'),
(709, 8.70, '2025-08-09 15:05:19'),
(710, 8.70, '2025-08-09 15:05:29'),
(711, 8.70, '2025-08-09 15:05:39'),
(712, 8.70, '2025-08-09 15:05:49'),
(713, 8.70, '2025-08-09 15:05:59'),
(714, 8.70, '2025-08-09 15:06:10'),
(715, 8.70, '2025-08-09 15:06:19'),
(716, 8.70, '2025-08-09 15:06:29'),
(717, 8.70, '2025-08-09 15:06:39'),
(718, 8.70, '2025-08-09 15:06:49'),
(719, 8.70, '2025-08-09 15:06:59'),
(720, 8.70, '2025-08-09 15:07:09'),
(721, 8.70, '2025-08-09 15:07:19'),
(722, 8.70, '2025-08-09 15:07:30'),
(723, 8.70, '2025-08-09 15:07:39'),
(724, 8.70, '2025-08-09 15:07:51'),
(725, 8.70, '2025-08-09 15:07:59'),
(726, 8.70, '2025-08-09 15:08:09'),
(727, 8.70, '2025-08-09 15:08:20'),
(728, 8.70, '2025-08-09 15:08:30'),
(729, 8.70, '2025-08-09 15:08:40'),
(730, 8.70, '2025-08-09 15:08:50'),
(731, 8.70, '2025-08-09 15:09:00'),
(732, 8.70, '2025-08-09 15:09:10'),
(733, 8.70, '2025-08-09 15:09:20'),
(734, 8.70, '2025-08-09 15:09:30'),
(735, 8.70, '2025-08-09 15:09:40'),
(736, 8.70, '2025-08-09 15:09:50'),
(737, 8.70, '2025-08-09 15:10:00'),
(738, 8.70, '2025-08-09 15:10:10'),
(739, 8.70, '2025-08-09 15:10:20'),
(740, 8.70, '2025-08-09 15:10:30'),
(741, 8.70, '2025-08-09 15:10:40'),
(742, 8.70, '2025-08-09 15:10:50'),
(743, 8.70, '2025-08-09 15:11:00'),
(744, 8.70, '2025-08-09 15:11:10'),
(745, 8.70, '2025-08-09 15:11:20'),
(746, 8.70, '2025-08-09 15:11:30'),
(747, 8.70, '2025-08-09 15:11:40'),
(748, 8.70, '2025-08-09 15:11:50'),
(749, 8.70, '2025-08-09 15:12:00'),
(750, 8.70, '2025-08-09 15:12:10'),
(751, 8.70, '2025-08-09 15:12:20'),
(752, 8.70, '2025-08-09 15:12:30'),
(753, 8.70, '2025-08-09 15:12:40'),
(754, 8.70, '2025-08-09 15:12:50'),
(755, 8.70, '2025-08-09 15:13:00'),
(756, 8.70, '2025-08-09 15:13:10'),
(757, 8.70, '2025-08-09 15:13:20'),
(758, 8.70, '2025-08-09 15:13:30'),
(759, 8.70, '2025-08-09 15:13:40'),
(760, 8.70, '2025-08-09 15:13:50'),
(761, 8.70, '2025-08-09 15:14:00'),
(762, 8.70, '2025-08-09 15:14:10'),
(763, 8.70, '2025-08-09 15:14:20'),
(764, 8.70, '2025-08-09 15:14:30'),
(765, 8.70, '2025-08-09 15:14:40'),
(766, 8.70, '2025-08-09 15:14:50'),
(767, 8.70, '2025-08-09 15:15:01'),
(768, 8.70, '2025-08-09 15:15:10'),
(769, 8.70, '2025-08-09 15:15:21'),
(770, 8.70, '2025-08-09 15:15:31'),
(771, 8.70, '2025-08-09 15:15:40'),
(772, 8.70, '2025-08-09 15:15:51'),
(773, 8.70, '2025-08-09 15:16:00'),
(774, 8.70, '2025-08-09 15:16:11'),
(775, 8.70, '2025-08-09 15:16:21'),
(776, 8.70, '2025-08-09 15:16:31'),
(777, 8.70, '2025-08-09 15:16:41'),
(778, 8.70, '2025-08-09 15:16:51'),
(779, 8.70, '2025-08-09 15:17:01'),
(780, 8.70, '2025-08-09 15:17:11'),
(781, 8.70, '2025-08-09 15:17:21'),
(782, 8.70, '2025-08-09 15:17:31'),
(783, 8.70, '2025-08-09 15:17:41'),
(784, 8.70, '2025-08-09 15:17:51'),
(785, 8.70, '2025-08-09 15:18:01'),
(786, 8.70, '2025-08-09 15:18:11'),
(787, 8.70, '2025-08-09 15:18:21'),
(788, 8.70, '2025-08-09 15:18:31'),
(789, 8.70, '2025-08-09 15:18:41'),
(790, 8.70, '2025-08-09 15:18:51'),
(791, 8.70, '2025-08-09 15:19:01'),
(792, 8.70, '2025-08-09 15:19:11'),
(793, 8.70, '2025-08-09 15:19:21'),
(794, 8.70, '2025-08-09 15:19:31'),
(795, 8.70, '2025-08-09 15:19:41'),
(796, 8.70, '2025-08-09 15:19:51'),
(797, 8.70, '2025-08-09 15:20:01'),
(798, 8.70, '2025-08-09 15:20:11'),
(799, 8.70, '2025-08-09 15:20:21'),
(800, 8.70, '2025-08-09 15:20:31'),
(801, 8.70, '2025-08-09 15:20:41'),
(802, 8.70, '2025-08-09 15:20:51'),
(803, 8.70, '2025-08-09 15:21:01'),
(804, 8.70, '2025-08-09 15:21:11'),
(805, 8.70, '2025-08-09 15:21:21'),
(806, 8.70, '2025-08-09 15:21:31'),
(807, 8.70, '2025-08-09 15:21:41'),
(808, 8.70, '2025-08-09 15:21:51'),
(809, 8.70, '2025-08-09 15:22:01'),
(810, 8.70, '2025-08-09 15:22:11'),
(811, 8.70, '2025-08-09 15:22:21'),
(812, 8.70, '2025-08-09 15:22:31'),
(813, 8.70, '2025-08-09 15:22:41'),
(814, 8.70, '2025-08-09 15:22:52'),
(815, 8.70, '2025-08-09 15:23:01'),
(816, 8.70, '2025-08-09 15:23:12'),
(817, 8.70, '2025-08-09 15:23:22'),
(818, 8.70, '2025-08-09 15:23:31'),
(819, 8.70, '2025-08-09 15:23:41'),
(820, 8.70, '2025-08-09 15:23:52'),
(821, 8.70, '2025-08-09 15:24:02'),
(822, 8.70, '2025-08-09 15:24:12'),
(823, 8.70, '2025-08-09 15:24:22'),
(824, 8.70, '2025-08-09 15:24:32'),
(825, 8.70, '2025-08-09 15:24:42'),
(826, 8.70, '2025-08-09 15:24:52'),
(827, 8.70, '2025-08-09 15:25:02'),
(828, 8.70, '2025-08-09 15:25:12'),
(829, 8.70, '2025-08-09 15:25:22'),
(830, 8.70, '2025-08-09 15:25:32'),
(831, 8.70, '2025-08-09 15:25:42'),
(832, 8.70, '2025-08-09 15:25:52'),
(833, 8.70, '2025-08-09 15:26:02'),
(834, 8.70, '2025-08-09 15:26:12'),
(835, 8.70, '2025-08-09 15:26:22'),
(836, 8.70, '2025-08-09 15:26:32'),
(837, 8.70, '2025-08-09 15:26:42'),
(838, 8.70, '2025-08-09 15:26:52'),
(839, 8.70, '2025-08-09 15:27:02'),
(840, 8.70, '2025-08-09 15:27:12'),
(841, 8.70, '2025-08-09 15:27:22'),
(842, 8.70, '2025-08-09 15:27:32'),
(843, 8.70, '2025-08-09 15:27:42'),
(844, 8.70, '2025-08-09 15:27:52'),
(845, 8.70, '2025-08-09 15:28:02'),
(846, 8.70, '2025-08-09 15:28:13'),
(847, 8.70, '2025-08-09 15:28:22'),
(848, 8.70, '2025-08-09 15:28:32'),
(849, 8.70, '2025-08-09 15:28:42'),
(850, 8.70, '2025-08-09 15:28:52'),
(851, 8.70, '2025-08-09 15:29:02'),
(852, 8.70, '2025-08-09 15:29:12'),
(853, 8.70, '2025-08-09 15:29:22'),
(854, 8.70, '2025-08-09 15:29:32'),
(855, 8.70, '2025-08-09 15:29:43'),
(856, 8.70, '2025-08-09 15:29:52'),
(857, 8.70, '2025-08-09 15:30:02'),
(858, 8.70, '2025-08-09 15:30:12'),
(859, 8.70, '2025-08-09 15:30:22'),
(860, 8.70, '2025-08-09 15:30:33'),
(861, 8.70, '2025-08-09 15:30:43'),
(862, 8.70, '2025-08-09 15:30:53'),
(863, 8.70, '2025-08-09 15:30:54'),
(864, 8.70, '2025-08-09 15:31:04'),
(865, 8.70, '2025-08-09 15:31:14'),
(866, 8.70, '2025-08-09 15:31:23'),
(867, 8.70, '2025-08-09 15:31:34'),
(868, 8.70, '2025-08-09 15:31:44'),
(869, 8.70, '2025-08-09 15:31:51'),
(870, 8.70, '2025-08-09 15:31:51'),
(871, 8.70, '2025-08-09 15:32:11'),
(872, 8.70, '2025-08-09 15:32:21'),
(873, 8.70, '2025-08-09 15:32:31'),
(874, 8.70, '2025-08-09 15:32:41'),
(875, 8.70, '2025-08-09 15:32:51'),
(876, 8.70, '2025-08-09 15:33:01'),
(877, 8.70, '2025-08-09 15:33:11'),
(878, 8.70, '2025-08-09 15:33:21'),
(879, 8.70, '2025-08-09 15:33:31'),
(880, 8.70, '2025-08-09 15:33:41'),
(881, 8.70, '2025-08-09 15:33:51'),
(882, 8.70, '2025-08-09 15:34:01'),
(883, 8.70, '2025-08-09 15:34:11'),
(884, 8.70, '2025-08-09 15:34:21'),
(885, 8.70, '2025-08-09 15:34:32'),
(886, 8.70, '2025-08-09 15:34:42'),
(887, 8.70, '2025-08-09 15:34:52'),
(888, 8.70, '2025-08-09 15:35:01'),
(889, 8.70, '2025-08-09 15:35:11'),
(890, 8.70, '2025-08-09 15:35:21'),
(891, 8.70, '2025-08-09 15:35:31'),
(892, 8.70, '2025-08-09 15:35:42'),
(893, 8.70, '2025-08-09 15:35:52'),
(894, 8.70, '2025-08-09 15:36:01'),
(895, 8.70, '2025-08-09 15:36:12'),
(896, 8.70, '2025-08-09 15:36:22'),
(897, 8.70, '2025-08-09 15:36:32'),
(898, 8.70, '2025-08-09 15:36:42'),
(899, 8.70, '2025-08-09 15:36:52'),
(900, 8.70, '2025-08-09 15:37:02'),
(901, 8.70, '2025-08-09 15:37:12'),
(902, 8.70, '2025-08-09 15:37:22'),
(903, 8.70, '2025-08-09 15:37:32'),
(904, 8.70, '2025-08-09 15:37:42'),
(905, 8.70, '2025-08-09 15:37:52'),
(906, 8.70, '2025-08-09 15:38:02'),
(907, 8.70, '2025-08-09 15:38:12'),
(908, 8.70, '2025-08-09 15:38:22'),
(909, 8.70, '2025-08-09 15:38:32'),
(910, 8.70, '2025-08-09 15:38:42'),
(911, 8.70, '2025-08-09 15:38:52'),
(912, 8.70, '2025-08-09 15:39:03'),
(913, 8.70, '2025-08-09 15:39:12'),
(914, 8.70, '2025-08-09 15:39:23'),
(915, 8.70, '2025-08-09 15:39:32'),
(916, 8.70, '2025-08-09 15:39:42'),
(917, 8.70, '2025-08-09 15:39:52'),
(918, 8.70, '2025-08-09 15:40:02'),
(919, 8.70, '2025-08-09 15:40:13'),
(920, 8.70, '2025-08-09 15:40:26'),
(921, 8.70, '2025-08-09 15:40:32'),
(922, 8.70, '2025-08-09 15:40:42'),
(923, 8.70, '2025-08-09 15:40:52'),
(924, 8.70, '2025-08-09 15:41:02'),
(925, 8.70, '2025-08-09 15:41:12'),
(926, 8.70, '2025-08-09 15:41:22'),
(927, 8.70, '2025-08-09 15:41:32'),
(928, 8.70, '2025-08-09 15:41:42'),
(929, 8.70, '2025-08-09 15:41:52'),
(930, 8.70, '2025-08-09 15:42:02'),
(931, 8.70, '2025-08-09 15:42:12'),
(932, 8.70, '2025-08-09 15:42:23'),
(933, 8.70, '2025-08-09 15:42:32'),
(934, 8.70, '2025-08-09 15:42:42'),
(935, 8.70, '2025-08-09 15:42:52'),
(936, 8.70, '2025-08-09 15:43:02'),
(937, 8.70, '2025-08-09 15:43:12'),
(938, 8.70, '2025-08-09 15:43:22'),
(939, 8.70, '2025-08-09 15:43:32'),
(940, 8.70, '2025-08-09 15:43:43'),
(941, 0.00, '2025-07-25 00:00:00'),
(942, 0.00, '2025-08-10 13:20:41');

-- --------------------------------------------------------

--
-- Table structure for table `deteksi_hama`
--

CREATE TABLE `deteksi_hama` (
  `id` int(11) NOT NULL,
  `tanggal` date NOT NULL,
  `hama_id` int(11) NOT NULL,
  `confidence` decimal(5,2) NOT NULL
) ENGINE=InnoDB DEFAULT CHARSET=utf8mb4 COLLATE=utf8mb4_general_ci;

--
-- Dumping data for table `deteksi_hama`
--

INSERT INTO `deteksi_hama` (`id`, `tanggal`, `hama_id`, `confidence`) VALUES
(1, '2025-06-27', 1, 100.00),
(2, '2025-06-27', 3, 100.00),
(3, '2025-06-27', 3, 100.00),
(4, '2025-06-27', 4, 100.00),
(5, '2025-06-27', 3, 100.00),
(6, '2025-06-27', 4, 100.00),
(7, '2025-06-27', 3, 100.00),
(8, '2025-06-27', 4, 100.00),
(9, '2025-06-27', 3, 100.00),
(10, '2025-06-27', 4, 100.00),
(11, '2025-06-27', 3, 100.00),
(12, '2025-06-27', 4, 100.00),
(13, '2025-06-27', 3, 100.00),
(14, '2025-06-27', 4, 100.00),
(15, '2025-06-27', 3, 100.00),
(16, '2025-06-27', 4, 100.00),
(17, '2025-07-25', 1, 87.50),
(18, '2025-07-25', 1, 100.00),
(19, '2025-07-25', 1, 100.00),
(20, '2025-07-25', 1, 100.00),
(21, '2025-07-25', 1, 100.00),
(22, '2025-08-10', 2, 100.00),
(23, '2025-08-10', 4, 100.00);

-- --------------------------------------------------------

--
-- Table structure for table `dht_data`
--

CREATE TABLE `dht_data` (
  `id` int(11) NOT NULL,
  `suhu` float DEFAULT NULL,
  `kelembaban` float DEFAULT NULL,
  `waktu` datetime DEFAULT NULL
) ENGINE=InnoDB DEFAULT CHARSET=utf8mb4 COLLATE=utf8mb4_general_ci;

--
-- Dumping data for table `dht_data`
--

INSERT INTO `dht_data` (`id`, `suhu`, `kelembaban`, `waktu`) VALUES
(400, 27.6, 100, '2025-06-27 20:58:06'),
(401, 27.5, 100, '2025-06-27 20:58:16'),
(402, 27.6, 100, '2025-06-27 20:58:26'),
(403, 27.6, 100, '2025-06-27 20:58:36'),
(404, 27.5, 100, '2025-06-27 20:58:47'),
(405, 27.6, 100, '2025-06-27 20:58:56'),
(406, 27.5, 100, '2025-06-27 20:59:06'),
(407, 27.5, 100, '2025-06-27 20:59:17'),
(408, 27.5, 100, '2025-06-27 20:59:26'),
(409, 27.5, 100, '2025-06-27 20:59:36'),
(410, 27.5, 100, '2025-06-27 20:59:47'),
(411, 24.6, 87.5, '2025-07-23 08:18:31'),
(412, 24.6, 87.6, '2025-07-23 08:18:41'),
(413, 24.6, 87.6, '2025-07-23 08:18:51'),
(414, 24.5, 87.7, '2025-07-23 08:19:01'),
(415, 24.5, 87.8, '2025-07-23 08:19:11'),
(416, 24.5, 87.8, '2025-07-23 08:19:21'),
(417, 24.5, 87.9, '2025-07-23 08:19:31'),
(418, 24.5, 88, '2025-07-23 08:19:41'),
(419, 24.5, 88, '2025-07-23 08:19:51'),
(420, 24.5, 88.7, '2025-07-23 08:20:01'),
(421, 24.4, 89.6, '2025-07-23 08:20:11'),
(422, 24.4, 89.8, '2025-07-23 08:20:21'),
(423, 24.4, 89.8, '2025-07-23 08:20:31'),
(424, 24.4, 89.7, '2025-07-23 08:20:41'),
(425, 24.4, 89.6, '2025-07-23 08:20:51'),
(426, 24.4, 89.7, '2025-07-23 08:21:01'),
(427, 24.4, 89.8, '2025-07-23 08:21:11'),
(428, 24.4, 89.7, '2025-07-23 08:21:21'),
(429, 24.4, 89.8, '2025-07-23 08:21:31'),
(430, 24.4, 90, '2025-07-23 08:21:41'),
(431, 24.4, 90.1, '2025-07-23 08:21:51'),
(432, 24.4, 89.8, '2025-07-23 08:22:01'),
(433, 24.4, 89.8, '2025-07-23 08:22:11'),
(434, 24.4, 89.8, '2025-07-23 08:22:21'),
(435, 24.4, 89.9, '2025-07-23 08:22:31'),
(436, 24.4, 89.9, '2025-07-23 08:22:41'),
(437, 24.5, 90, '2025-07-23 08:22:51'),
(438, 24.5, 89.9, '2025-07-23 08:23:01'),
(439, 24.5, 89.9, '2025-07-23 08:23:11'),
(440, 24.5, 89.8, '2025-07-23 08:23:21'),
(441, 24.5, 89.8, '2025-07-23 08:23:31'),
(442, 24.6, 89.6, '2025-07-23 08:23:41'),
(443, 24.5, 89.5, '2025-07-23 08:23:51'),
(444, 24.5, 89.6, '2025-07-23 08:24:01'),
(445, 24.6, 89.7, '2025-07-23 08:24:11'),
(446, 24.5, 89.7, '2025-07-23 08:24:21'),
(447, 24.5, 89.9, '2025-07-23 08:24:31'),
(448, 24.5, 89.9, '2025-07-23 08:24:41'),
(449, 24.5, 89.9, '2025-07-23 08:24:51'),
(450, 24.5, 90, '2025-07-23 08:25:01'),
(451, 24.5, 90, '2025-07-23 08:25:11'),
(452, 24.5, 90, '2025-07-23 08:25:21'),
(453, 24.5, 90.1, '2025-07-23 08:25:31'),
(454, 24.5, 90.1, '2025-07-23 08:25:41'),
(455, 24.5, 90.2, '2025-07-23 08:25:51'),
(456, 24.5, 90.1, '2025-07-23 08:26:01'),
(457, 24.6, 90.3, '2025-07-23 08:26:11'),
(458, 24.6, 90.2, '2025-07-23 08:26:21'),
(459, 24.6, 89.9, '2025-07-23 08:26:31'),
(460, 24.6, 89.9, '2025-07-23 08:26:41'),
(461, 24.6, 89.8, '2025-07-23 08:26:51'),
(462, 24.6, 89.8, '2025-07-23 08:27:01'),
(463, 24.6, 89.8, '2025-07-23 08:27:11'),
(464, 24.6, 89.8, '2025-07-23 08:27:21'),
(465, 24.6, 89.9, '2025-07-23 08:27:41'),
(466, 24.6, 89.6, '2025-07-23 08:28:01'),
(467, 24.6, 89.5, '2025-07-23 08:28:11'),
(468, 24.6, 89.5, '2025-07-23 08:28:21'),
(469, 24.6, 89.4, '2025-07-23 08:28:31'),
(470, 24.6, 89.3, '2025-07-23 08:28:41'),
(471, 24.6, 89.3, '2025-07-23 08:28:53'),
(472, 24.6, 89.1, '2025-07-23 08:29:01'),
(473, 24.7, 88.9, '2025-07-23 08:29:11'),
(474, 24.7, 88.8, '2025-07-23 08:29:21'),
(475, 24.7, 88.9, '2025-07-23 08:29:31'),
(476, 24.7, 89, '2025-07-23 08:29:41'),
(477, 24.6, 88.9, '2025-07-23 08:29:51'),
(478, 24.7, 88.9, '2025-07-23 08:30:01'),
(479, 24.7, 88.9, '2025-07-23 08:30:11'),
(480, 24.7, 89.1, '2025-07-23 08:30:21'),
(481, 24.7, 88.9, '2025-07-23 08:30:32'),
(482, 24.7, 88.9, '2025-07-23 08:30:42'),
(483, 24.7, 89, '2025-07-23 08:30:51'),
(484, 24.7, 89, '2025-07-23 08:31:01'),
(485, 27.5, 88, '2025-07-25 07:00:00'),
(486, 0, 0, '2025-08-09 13:31:23'),
(487, 0, 0, '2025-08-09 13:31:32'),
(488, 0, 0, '2025-08-09 13:31:42'),
(489, 0, 0, '2025-08-09 13:31:55'),
(490, 0, 0, '2025-08-09 13:32:03'),
(491, 0, 0, '2025-08-09 13:38:57'),
(492, 0, 0, '2025-08-09 13:39:05'),
(493, 0, 0, '2025-08-09 13:39:15'),
(494, 0, 0, '2025-08-09 13:39:25'),
(495, 0, 0, '2025-08-09 13:39:36'),
(496, 0, 0, '2025-08-09 13:39:45'),
(497, 0, 0, '2025-08-09 13:39:55'),
(498, 0, 0, '2025-08-09 13:40:05'),
(499, 0, 0, '2025-08-09 13:40:15'),
(500, 0, 0, '2025-08-09 13:40:26'),
(501, 0, 0, '2025-08-09 13:40:35'),
(502, 0, 0, '2025-08-09 13:40:45'),
(503, 0, 0, '2025-08-09 13:40:55'),
(504, 0, 0, '2025-08-09 13:41:05'),
(505, 0, 0, '2025-08-09 13:41:15'),
(506, 0, 0, '2025-08-09 13:41:25'),
(507, 0, 0, '2025-08-09 13:41:35'),
(508, 0, 0, '2025-08-09 13:41:45'),
(509, 0, 0, '2025-08-09 13:41:55'),
(510, 0, 0, '2025-08-09 13:42:05'),
(511, 0, 0, '2025-08-09 13:42:15'),
(512, 0, 0, '2025-08-09 13:42:26'),
(513, 0, 0, '2025-08-09 13:42:36'),
(514, 0, 0, '2025-08-09 13:42:45'),
(515, 0, 0, '2025-08-09 13:42:56'),
(516, 0, 0, '2025-08-09 13:43:06'),
(517, 0, 0, '2025-08-09 13:54:19'),
(518, 0, 0, '2025-08-09 13:54:27'),
(519, 0, 0, '2025-08-09 13:54:37'),
(520, 0, 0, '2025-08-09 13:54:47'),
(521, 0, 0, '2025-08-09 13:54:57'),
(522, 0, 0, '2025-08-09 13:55:07'),
(523, 0, 0, '2025-08-09 13:55:17'),
(524, 0, 0, '2025-08-09 13:55:27'),
(525, 0, 0, '2025-08-09 13:55:37'),
(526, 0, 0, '2025-08-09 13:55:47'),
(527, 0, 0, '2025-08-09 13:55:57'),
(528, 0, 0, '2025-08-09 13:56:07'),
(529, 0, 0, '2025-08-09 13:56:17'),
(530, 0, 0, '2025-08-09 13:56:27'),
(531, 0, 0, '2025-08-09 13:56:37'),
(532, 0, 0, '2025-08-09 13:56:48'),
(533, 0, 0, '2025-08-09 13:56:58'),
(534, 0, 0, '2025-08-09 13:57:07'),
(535, 0, 0, '2025-08-09 13:57:18'),
(536, 0, 0, '2025-08-09 13:57:27'),
(537, 0, 0, '2025-08-09 13:57:38'),
(538, 0, 0, '2025-08-09 13:57:48'),
(539, 0, 0, '2025-08-09 13:57:58'),
(540, 0, 0, '2025-08-09 13:58:08'),
(541, 0, 0, '2025-08-09 13:58:18'),
(542, 0, 0, '2025-08-09 13:58:28'),
(543, 0, 0, '2025-08-09 13:58:38'),
(544, 0, 0, '2025-08-09 13:58:48'),
(545, 0, 0, '2025-08-09 13:58:58'),
(546, 0, 0, '2025-08-09 13:59:08'),
(547, 0, 0, '2025-08-09 13:59:18'),
(548, 0, 0, '2025-08-09 13:59:28'),
(549, 0, 0, '2025-08-09 13:59:38'),
(550, 0, 0, '2025-08-09 13:59:48'),
(551, 0, 0, '2025-08-09 13:59:58'),
(552, 0, 0, '2025-08-09 14:00:08'),
(553, 0, 0, '2025-08-09 14:00:18'),
(554, 0, 0, '2025-08-09 14:00:28'),
(555, 0, 0, '2025-08-09 14:00:38'),
(556, 0, 0, '2025-08-09 14:00:48'),
(557, 0, 0, '2025-08-09 14:00:58'),
(558, 0, 0, '2025-08-09 14:01:08'),
(559, 0, 0, '2025-08-09 14:01:18'),
(560, 0, 0, '2025-08-09 14:01:28'),
(561, 0, 0, '2025-08-09 14:01:38'),
(562, 0, 0, '2025-08-09 14:01:48'),
(563, 0, 0, '2025-08-09 14:01:58'),
(564, 0, 0, '2025-08-09 14:02:08'),
(565, 0, 0, '2025-08-09 14:02:18'),
(566, 0, 0, '2025-08-09 14:02:28'),
(567, 0, 0, '2025-08-09 14:02:38'),
(568, 0, 0, '2025-08-09 14:02:48'),
(569, 0, 0, '2025-08-09 14:02:58'),
(570, 0, 0, '2025-08-09 14:03:08'),
(571, 0, 0, '2025-08-09 14:03:18'),
(572, 0, 0, '2025-08-09 14:03:28'),
(573, 0, 0, '2025-08-09 14:03:39'),
(574, 0, 0, '2025-08-09 14:03:48'),
(575, 0, 0, '2025-08-09 14:03:58'),
(576, 0, 0, '2025-08-09 14:04:08'),
(577, 0, 0, '2025-08-09 14:04:18'),
(578, 0, 0, '2025-08-09 14:04:29'),
(579, 0, 0, '2025-08-09 14:04:39'),
(580, 0, 0, '2025-08-09 14:04:49'),
(581, 0, 0, '2025-08-09 14:04:58'),
(582, 0, 0, '2025-08-09 14:05:08'),
(583, 0, 0, '2025-08-09 14:05:18'),
(584, 0, 0, '2025-08-09 14:05:29'),
(585, 0, 0, '2025-08-09 14:05:39'),
(586, 0, 0, '2025-08-09 14:05:49'),
(587, 0, 0, '2025-08-09 14:05:59'),
(588, 0, 0, '2025-08-09 14:06:09'),
(589, 0, 0, '2025-08-09 14:06:19'),
(590, 0, 0, '2025-08-09 14:06:29'),
(591, 0, 0, '2025-08-09 14:06:39'),
(592, 0, 0, '2025-08-09 14:06:49'),
(593, 0, 0, '2025-08-09 14:06:59'),
(594, 0, 0, '2025-08-09 14:07:09'),
(595, 0, 0, '2025-08-09 14:07:19'),
(596, 0, 0, '2025-08-09 14:07:29'),
(597, 0, 0, '2025-08-09 14:07:39'),
(598, 0, 0, '2025-08-09 14:07:49'),
(599, 0, 0, '2025-08-09 14:07:59'),
(600, 0, 0, '2025-08-09 14:08:09'),
(601, 0, 0, '2025-08-09 14:08:19'),
(602, 0, 0, '2025-08-09 14:08:29'),
(603, 0, 0, '2025-08-09 14:08:39'),
(604, 0, 0, '2025-08-09 14:08:49'),
(605, 0, 0, '2025-08-09 14:08:59'),
(606, 0, 0, '2025-08-09 14:09:09'),
(607, 0, 0, '2025-08-09 14:09:19'),
(608, 0, 0, '2025-08-09 14:09:29'),
(609, 0, 0, '2025-08-09 14:09:39'),
(610, 0, 0, '2025-08-09 14:09:49'),
(611, 0, 0, '2025-08-09 14:09:59'),
(612, 0, 0, '2025-08-09 14:10:09'),
(613, 0, 0, '2025-08-09 14:10:19'),
(614, 0, 0, '2025-08-09 14:10:29'),
(615, 0, 0, '2025-08-09 14:10:39'),
(616, 0, 0, '2025-08-09 14:10:49'),
(617, 0, 0, '2025-08-09 14:10:59'),
(618, 0, 0, '2025-08-09 14:11:10'),
(619, 0, 0, '2025-08-09 14:11:20'),
(620, 0, 0, '2025-08-09 14:11:29'),
(621, 0, 0, '2025-08-09 14:11:39'),
(622, 0, 0, '2025-08-09 14:11:49'),
(623, 0, 0, '2025-08-09 14:11:59'),
(624, 0, 0, '2025-08-09 14:12:10'),
(625, 0, 0, '2025-08-09 14:12:19'),
(626, 0, 0, '2025-08-09 14:12:29'),
(627, 0, 0, '2025-08-09 14:12:40'),
(628, 0, 0, '2025-08-09 14:12:49'),
(629, 0, 0, '2025-08-09 14:13:00'),
(630, 0, 0, '2025-08-09 14:13:10'),
(631, 0, 0, '2025-08-09 14:13:20'),
(632, 0, 0, '2025-08-09 14:13:30'),
(633, 0, 0, '2025-08-09 14:45:01'),
(634, 0, 0, '2025-08-09 14:45:10'),
(635, 0, 0, '2025-08-09 14:45:20'),
(636, 0, 0, '2025-08-09 14:45:30'),
(637, 0, 0, '2025-08-09 14:45:55'),
(638, 0, 0, '2025-08-09 14:46:01'),
(639, 0, 0, '2025-08-09 14:46:11'),
(640, 0, 0, '2025-08-09 14:46:21'),
(641, 0, 0, '2025-08-09 14:46:31'),
(642, 0, 0, '2025-08-09 14:46:41'),
(643, 0, 0, '2025-08-09 14:46:51'),
(644, 0, 0, '2025-08-09 14:47:01'),
(645, 0, 0, '2025-08-09 14:47:11'),
(646, 0, 0, '2025-08-09 14:47:21'),
(647, 0, 0, '2025-08-09 14:47:31'),
(648, 0, 0, '2025-08-09 14:47:41'),
(649, 0, 0, '2025-08-09 14:47:51'),
(650, 0, 0, '2025-08-09 14:57:39'),
(651, 0, 0, '2025-08-09 14:57:47'),
(652, 0, 0, '2025-08-09 14:57:57'),
(653, 0, 0, '2025-08-09 14:58:07'),
(654, 0, 0, '2025-08-09 14:58:18'),
(655, 0, 0, '2025-08-09 14:58:27'),
(656, 0, 0, '2025-08-09 14:58:38'),
(657, 0, 0, '2025-08-09 14:58:48'),
(658, 0, 0, '2025-08-09 14:58:58'),
(659, 0, 0, '2025-08-09 14:59:07'),
(660, 0, 0, '2025-08-09 14:59:17'),
(661, 0, 0, '2025-08-09 14:59:28'),
(662, 0, 0, '2025-08-09 14:59:38'),
(663, 0, 0, '2025-08-09 14:59:48'),
(664, 0, 0, '2025-08-09 14:59:58'),
(665, 0, 0, '2025-08-09 15:00:08'),
(666, 0, 0, '2025-08-09 15:00:18'),
(667, 0, 0, '2025-08-09 15:00:28'),
(668, 0, 0, '2025-08-09 15:00:39'),
(669, 0, 0, '2025-08-09 15:00:49'),
(670, 0, 0, '2025-08-09 15:00:58'),
(671, 0, 0, '2025-08-09 15:01:08'),
(672, 0, 0, '2025-08-09 15:01:19'),
(673, 0, 0, '2025-08-09 15:01:29'),
(674, 0, 0, '2025-08-09 15:01:39'),
(675, 0, 0, '2025-08-09 15:01:49'),
(676, 0, 0, '2025-08-09 15:01:59'),
(677, 0, 0, '2025-08-09 15:02:09'),
(678, 0, 0, '2025-08-09 15:02:19'),
(679, 0, 0, '2025-08-09 15:02:29'),
(680, 0, 0, '2025-08-09 15:02:39'),
(681, 0, 0, '2025-08-09 15:02:49'),
(682, 0, 0, '2025-08-09 15:02:59'),
(683, 0, 0, '2025-08-09 15:03:09'),
(684, 0, 0, '2025-08-09 15:03:19'),
(685, 0, 0, '2025-08-09 15:03:29'),
(686, 0, 0, '2025-08-09 15:03:39'),
(687, 0, 0, '2025-08-09 15:03:49'),
(688, 0, 0, '2025-08-09 15:03:59'),
(689, 0, 0, '2025-08-09 15:04:09'),
(690, 0, 0, '2025-08-09 15:04:19'),
(691, 0, 0, '2025-08-09 15:04:29'),
(692, 0, 0, '2025-08-09 15:04:39'),
(693, 0, 0, '2025-08-09 15:04:49'),
(694, 0, 0, '2025-08-09 15:04:59'),
(695, 0, 0, '2025-08-09 15:05:09'),
(696, 0, 0, '2025-08-09 15:05:19'),
(697, 0, 0, '2025-08-09 15:05:29'),
(698, 0, 0, '2025-08-09 15:05:39'),
(699, 0, 0, '2025-08-09 15:05:49'),
(700, 0, 0, '2025-08-09 15:05:59'),
(701, 0, 0, '2025-08-09 15:06:10'),
(702, 0, 0, '2025-08-09 15:06:19'),
(703, 0, 0, '2025-08-09 15:06:30'),
(704, 0, 0, '2025-08-09 15:06:39'),
(705, 0, 0, '2025-08-09 15:06:49'),
(706, 0, 0, '2025-08-09 15:06:59'),
(707, 0, 0, '2025-08-09 15:07:09'),
(708, 0, 0, '2025-08-09 15:07:19'),
(709, 0, 0, '2025-08-09 15:07:30'),
(710, 0, 0, '2025-08-09 15:07:39'),
(711, 0, 0, '2025-08-09 15:07:51'),
(712, 0, 0, '2025-08-09 15:07:59'),
(713, 0, 0, '2025-08-09 15:08:09'),
(714, 0, 0, '2025-08-09 15:08:20'),
(715, 0, 0, '2025-08-09 15:08:30'),
(716, 0, 0, '2025-08-09 15:08:40'),
(717, 0, 0, '2025-08-09 15:08:50'),
(718, 0, 0, '2025-08-09 15:09:00'),
(719, 0, 0, '2025-08-09 15:09:10'),
(720, 0, 0, '2025-08-09 15:09:20'),
(721, 0, 0, '2025-08-09 15:09:30'),
(722, 0, 0, '2025-08-09 15:09:40'),
(723, 0, 0, '2025-08-09 15:09:50'),
(724, 0, 0, '2025-08-09 15:10:00'),
(725, 0, 0, '2025-08-09 15:10:10'),
(726, 0, 0, '2025-08-09 15:10:20'),
(727, 0, 0, '2025-08-09 15:10:30'),
(728, 0, 0, '2025-08-09 15:10:40'),
(729, 0, 0, '2025-08-09 15:10:50'),
(730, 0, 0, '2025-08-09 15:11:00'),
(731, 0, 0, '2025-08-09 15:11:10'),
(732, 0, 0, '2025-08-09 15:11:20'),
(733, 0, 0, '2025-08-09 15:11:30'),
(734, 0, 0, '2025-08-09 15:11:40'),
(735, 0, 0, '2025-08-09 15:11:50'),
(736, 0, 0, '2025-08-09 15:12:00'),
(737, 0, 0, '2025-08-09 15:12:10'),
(738, 0, 0, '2025-08-09 15:12:20'),
(739, 0, 0, '2025-08-09 15:12:30'),
(740, 0, 0, '2025-08-09 15:12:40'),
(741, 0, 0, '2025-08-09 15:12:50'),
(742, 0, 0, '2025-08-09 15:13:00'),
(743, 0, 0, '2025-08-09 15:13:10'),
(744, 0, 0, '2025-08-09 15:13:20'),
(745, 0, 0, '2025-08-09 15:13:30'),
(746, 0, 0, '2025-08-09 15:13:40'),
(747, 0, 0, '2025-08-09 15:13:50'),
(748, 0, 0, '2025-08-09 15:14:00'),
(749, 0, 0, '2025-08-09 15:14:10'),
(750, 0, 0, '2025-08-09 15:14:20'),
(751, 0, 0, '2025-08-09 15:14:30'),
(752, 0, 0, '2025-08-09 15:14:40'),
(753, 0, 0, '2025-08-09 15:14:50'),
(754, 0, 0, '2025-08-09 15:15:01'),
(755, 0, 0, '2025-08-09 15:15:10'),
(756, 0, 0, '2025-08-09 15:15:21'),
(757, 0, 0, '2025-08-09 15:15:31'),
(758, 0, 0, '2025-08-09 15:15:40'),
(759, 0, 0, '2025-08-09 15:15:51'),
(760, 0, 0, '2025-08-09 15:16:00'),
(761, 0, 0, '2025-08-09 15:16:11'),
(762, 0, 0, '2025-08-09 15:16:21'),
(763, 0, 0, '2025-08-09 15:16:31'),
(764, 0, 0, '2025-08-09 15:16:41'),
(765, 0, 0, '2025-08-09 15:16:51'),
(766, 0, 0, '2025-08-09 15:17:01'),
(767, 0, 0, '2025-08-09 15:17:11'),
(768, 0, 0, '2025-08-09 15:17:21'),
(769, 0, 0, '2025-08-09 15:17:31'),
(770, 0, 0, '2025-08-09 15:17:41'),
(771, 0, 0, '2025-08-09 15:17:51'),
(772, 0, 0, '2025-08-09 15:18:01'),
(773, 0, 0, '2025-08-09 15:18:11'),
(774, 0, 0, '2025-08-09 15:18:21'),
(775, 0, 0, '2025-08-09 15:18:31'),
(776, 0, 0, '2025-08-09 15:18:41'),
(777, 0, 0, '2025-08-09 15:18:51'),
(778, 0, 0, '2025-08-09 15:19:01'),
(779, 0, 0, '2025-08-09 15:19:11'),
(780, 0, 0, '2025-08-09 15:19:21'),
(781, 0, 0, '2025-08-09 15:19:31'),
(782, 0, 0, '2025-08-09 15:19:41'),
(783, 0, 0, '2025-08-09 15:19:51'),
(784, 0, 0, '2025-08-09 15:20:01'),
(785, 0, 0, '2025-08-09 15:20:11'),
(786, 0, 0, '2025-08-09 15:20:21'),
(787, 0, 0, '2025-08-09 15:20:31'),
(788, 0, 0, '2025-08-09 15:20:41'),
(789, 0, 0, '2025-08-09 15:20:51'),
(790, 0, 0, '2025-08-09 15:21:01'),
(791, 0, 0, '2025-08-09 15:21:11'),
(792, 0, 0, '2025-08-09 15:21:21'),
(793, 0, 0, '2025-08-09 15:21:31'),
(794, 0, 0, '2025-08-09 15:21:41'),
(795, 0, 0, '2025-08-09 15:21:52'),
(796, 0, 0, '2025-08-09 15:22:01'),
(797, 0, 0, '2025-08-09 15:22:11'),
(798, 0, 0, '2025-08-09 15:22:21'),
(799, 0, 0, '2025-08-09 15:22:31'),
(800, 0, 0, '2025-08-09 15:22:41'),
(801, 0, 0, '2025-08-09 15:22:52'),
(802, 0, 0, '2025-08-09 15:23:01'),
(803, 0, 0, '2025-08-09 15:23:12'),
(804, 0, 0, '2025-08-09 15:23:22'),
(805, 0, 0, '2025-08-09 15:23:31'),
(806, 0, 0, '2025-08-09 15:23:41'),
(807, 0, 0, '2025-08-09 15:23:52'),
(808, 0, 0, '2025-08-09 15:24:02'),
(809, 0, 0, '2025-08-09 15:24:12'),
(810, 0, 0, '2025-08-09 15:24:22'),
(811, 0, 0, '2025-08-09 15:24:32'),
(812, 0, 0, '2025-08-09 15:24:42'),
(813, 0, 0, '2025-08-09 15:24:52'),
(814, 0, 0, '2025-08-09 15:25:02'),
(815, 0, 0, '2025-08-09 15:25:12'),
(816, 0, 0, '2025-08-09 15:25:22'),
(817, 0, 0, '2025-08-09 15:25:32'),
(818, 0, 0, '2025-08-09 15:25:42'),
(819, 0, 0, '2025-08-09 15:25:52'),
(820, 0, 0, '2025-08-09 15:26:02'),
(821, 0, 0, '2025-08-09 15:26:12'),
(822, 0, 0, '2025-08-09 15:26:22'),
(823, 0, 0, '2025-08-09 15:26:32'),
(824, 0, 0, '2025-08-09 15:26:42'),
(825, 0, 0, '2025-08-09 15:26:52'),
(826, 0, 0, '2025-08-09 15:27:02'),
(827, 0, 0, '2025-08-09 15:27:12'),
(828, 0, 0, '2025-08-09 15:27:22'),
(829, 0, 0, '2025-08-09 15:27:32'),
(830, 0, 0, '2025-08-09 15:27:42'),
(831, 0, 0, '2025-08-09 15:27:52'),
(832, 0, 0, '2025-08-09 15:28:02'),
(833, 0, 0, '2025-08-09 15:28:13'),
(834, 0, 0, '2025-08-09 15:28:22'),
(835, 0, 0, '2025-08-09 15:28:32'),
(836, 0, 0, '2025-08-09 15:28:42'),
(837, 0, 0, '2025-08-09 15:28:52'),
(838, 0, 0, '2025-08-09 15:29:02'),
(839, 0, 0, '2025-08-09 15:29:12'),
(840, 0, 0, '2025-08-09 15:29:22'),
(841, 0, 0, '2025-08-09 15:29:32'),
(842, 0, 0, '2025-08-09 15:29:43'),
(843, 0, 0, '2025-08-09 15:29:52'),
(844, 0, 0, '2025-08-09 15:30:02'),
(845, 0, 0, '2025-08-09 15:30:12'),
(846, 0, 0, '2025-08-09 15:30:22'),
(847, 0, 0, '2025-08-09 15:30:33'),
(848, 0, 0, '2025-08-09 15:30:43'),
(849, 0, 0, '2025-08-09 15:30:53'),
(850, 0, 0, '2025-08-09 15:30:54'),
(851, 0, 0, '2025-08-09 15:31:04'),
(852, 0, 0, '2025-08-09 15:31:14'),
(853, 0, 0, '2025-08-09 15:31:23'),
(854, 0, 0, '2025-08-09 15:31:34'),
(855, 0, 0, '2025-08-09 15:31:44'),
(856, 0, 0, '2025-08-09 15:31:51'),
(857, 0, 0, '2025-08-09 15:31:51'),
(858, 0, 0, '2025-08-09 15:32:11'),
(859, 0, 0, '2025-08-09 15:32:21'),
(860, 0, 0, '2025-08-09 15:32:31'),
(861, 0, 0, '2025-08-09 15:32:41'),
(862, 0, 0, '2025-08-09 15:32:51'),
(863, 0, 0, '2025-08-09 15:33:01'),
(864, 0, 0, '2025-08-09 15:33:11'),
(865, 0, 0, '2025-08-09 15:33:21'),
(866, 0, 0, '2025-08-09 15:33:31'),
(867, 0, 0, '2025-08-09 15:33:41'),
(868, 0, 0, '2025-08-09 15:33:51'),
(869, 0, 0, '2025-08-09 15:34:01'),
(870, 0, 0, '2025-08-09 15:34:11'),
(871, 0, 0, '2025-08-09 15:34:21'),
(872, 0, 0, '2025-08-09 15:34:32'),
(873, 0, 0, '2025-08-09 15:34:42'),
(874, 0, 0, '2025-08-09 15:34:52'),
(875, 0, 0, '2025-08-09 15:35:01'),
(876, 0, 0, '2025-08-09 15:35:11'),
(877, 0, 0, '2025-08-09 15:35:21'),
(878, 0, 0, '2025-08-09 15:35:31'),
(879, 0, 0, '2025-08-09 15:35:42'),
(880, 0, 0, '2025-08-09 15:35:52'),
(881, 0, 0, '2025-08-09 15:36:01'),
(882, 0, 0, '2025-08-09 15:36:12'),
(883, 0, 0, '2025-08-09 15:36:22'),
(884, 0, 0, '2025-08-09 15:36:32'),
(885, 0, 0, '2025-08-09 15:36:42'),
(886, 0, 0, '2025-08-09 15:36:52'),
(887, 0, 0, '2025-08-09 15:37:02'),
(888, 0, 0, '2025-08-09 15:37:12'),
(889, 0, 0, '2025-08-09 15:37:22'),
(890, 0, 0, '2025-08-09 15:37:32'),
(891, 0, 0, '2025-08-09 15:37:42'),
(892, 0, 0, '2025-08-09 15:37:52'),
(893, 0, 0, '2025-08-09 15:38:02'),
(894, 0, 0, '2025-08-09 15:38:12'),
(895, 0, 0, '2025-08-09 15:38:22'),
(896, 0, 0, '2025-08-09 15:38:32'),
(897, 0, 0, '2025-08-09 15:38:42'),
(898, 0, 0, '2025-08-09 15:38:52'),
(899, 0, 0, '2025-08-09 15:39:03'),
(900, 0, 0, '2025-08-09 15:39:12'),
(901, 0, 0, '2025-08-09 15:39:23'),
(902, 0, 0, '2025-08-09 15:39:32'),
(903, 0, 0, '2025-08-09 15:39:42'),
(904, 0, 0, '2025-08-09 15:39:52'),
(905, 0, 0, '2025-08-09 15:40:02'),
(906, 0, 0, '2025-08-09 15:40:13'),
(907, 0, 0, '2025-08-09 15:40:26'),
(908, 0, 0, '2025-08-09 15:40:32'),
(909, 0, 0, '2025-08-09 15:40:42'),
(910, 0, 0, '2025-08-09 15:40:52'),
(911, 0, 0, '2025-08-09 15:41:02'),
(912, 0, 0, '2025-08-09 15:41:12'),
(913, 0, 0, '2025-08-09 15:41:22'),
(914, 0, 0, '2025-08-09 15:41:32'),
(915, 0, 0, '2025-08-09 15:41:42'),
(916, 0, 0, '2025-08-09 15:41:52'),
(917, 358.6, 4288, '2025-08-09 15:42:02'),
(918, 0, 0, '2025-08-09 15:42:12'),
(919, 358.7, 4224, '2025-08-09 15:42:23'),
(920, 358.7, 4198.4, '2025-08-09 15:42:32'),
(921, 0, 0, '2025-08-09 15:42:42'),
(922, 0, 0, '2025-08-09 15:42:52'),
(923, 0, 0, '2025-08-09 15:43:02'),
(924, 0, 0, '2025-08-09 15:43:12'),
(925, 0, 0, '2025-08-09 15:43:22'),
(926, 358.7, 4172.8, '2025-08-09 15:43:32'),
(927, 0, 0, '2025-08-09 15:43:43'),
(928, 23.5, 70, '2025-07-25 00:00:00'),
(929, 23.5, 71, '2025-07-25 00:00:00'),
(930, 27.5, 88, '2025-07-25 00:00:00'),
(931, 27.5, 71, '2025-08-10 13:19:50');

-- --------------------------------------------------------

--
-- Table structure for table `hama`
--

CREATE TABLE `hama` (
  `id` int(11) NOT NULL,
  `nama` varchar(100) NOT NULL,
  `deskripsi` text DEFAULT NULL,
  `solusi` text DEFAULT NULL
) ENGINE=InnoDB DEFAULT CHARSET=utf8mb4 COLLATE=utf8mb4_general_ci;

--
-- Dumping data for table `hama`
--

INSERT INTO `hama` (`id`, `nama`, `deskripsi`, `solusi`) VALUES
(1, 'Wereng', 'Serangga kecil penghisap cairan tanaman padi', 'Penggunaan insektisida, rotasi tanaman, pemilihan varietas tahan'),
(2, 'Ulat Grayak', 'Ulat pemakan daun yang sangat rakus', 'Penyemprotan insektisida, penggunaan perangkap feromon'),
(3, 'Penggerek Batang', 'Larva yang menggerek batang tanaman', 'Sanitasi lahan, penggunaan insektisida sistemik'),
(4, 'Kutu Daun', 'Serangga kecil penghisap cairan daun', 'Penyemprotan air bertekanan, penggunaan predator alami'),
(5, 'Jamur Phytophthora', 'Penyakit jamur yang menyerang akar dan batang', 'Penggunaan fungisida, drainase yang baik, rotasi tanaman');

-- --------------------------------------------------------

--
-- Table structure for table `users`
--

CREATE TABLE `users` (
  `id` int(11) NOT NULL,
  `nama` varchar(100) NOT NULL,
  `no_telp` varchar(20) NOT NULL,
  `password` varchar(255) NOT NULL
) ENGINE=InnoDB DEFAULT CHARSET=utf8mb4 COLLATE=utf8mb4_general_ci;

--
-- Dumping data for table `users`
--

INSERT INTO `users` (`id`, `nama`, `no_telp`, `password`) VALUES
(1, 'Nyataku ibnu rosada', '0812211389', '$2y$10$5XGqL4VMw7rMfIEs7FGOg.IzMzP.SbdQXCnCUgqza091D2qhlmile'),
(2, 'Calista Melva', '08122113890', '$2y$10$dmM8Ct/ZBD/QHt.q5s8DbOgozwMRIbOZz.JOtAsyROQTZMIeon8ji');

--
-- Indexes for dumped tables
--

--
-- Indexes for table `anemometer`
--
ALTER TABLE `anemometer`
  ADD PRIMARY KEY (`id`);

--
-- Indexes for table `aturan_hama`
--
ALTER TABLE `aturan_hama`
  ADD PRIMARY KEY (`id`),
  ADD KEY `hama_id` (`hama_id`);

--
-- Indexes for table `curah_hujan`
--
ALTER TABLE `curah_hujan`
  ADD PRIMARY KEY (`id`);

--
-- Indexes for table `deteksi_hama`
--
ALTER TABLE `deteksi_hama`
  ADD PRIMARY KEY (`id`),
  ADD KEY `hama_id` (`hama_id`);

--
-- Indexes for table `dht_data`
--
ALTER TABLE `dht_data`
  ADD PRIMARY KEY (`id`);

--
-- Indexes for table `hama`
--
ALTER TABLE `hama`
  ADD PRIMARY KEY (`id`);

--
-- Indexes for table `users`
--
ALTER TABLE `users`
  ADD PRIMARY KEY (`id`);

--
-- AUTO_INCREMENT for dumped tables
--

--
-- AUTO_INCREMENT for table `anemometer`
--
ALTER TABLE `anemometer`
  MODIFY `id` int(11) NOT NULL AUTO_INCREMENT, AUTO_INCREMENT=825;

--
-- AUTO_INCREMENT for table `aturan_hama`
--
ALTER TABLE `aturan_hama`
  MODIFY `id` int(11) NOT NULL AUTO_INCREMENT, AUTO_INCREMENT=6;

--
-- AUTO_INCREMENT for table `curah_hujan`
--
ALTER TABLE `curah_hujan`
  MODIFY `id` int(11) NOT NULL AUTO_INCREMENT, AUTO_INCREMENT=943;

--
-- AUTO_INCREMENT for table `deteksi_hama`
--
ALTER TABLE `deteksi_hama`
  MODIFY `id` int(11) NOT NULL AUTO_INCREMENT, AUTO_INCREMENT=24;

--
-- AUTO_INCREMENT for table `dht_data`
--
ALTER TABLE `dht_data`
  MODIFY `id` int(11) NOT NULL AUTO_INCREMENT, AUTO_INCREMENT=932;

--
-- AUTO_INCREMENT for table `hama`
--
ALTER TABLE `hama`
  MODIFY `id` int(11) NOT NULL AUTO_INCREMENT, AUTO_INCREMENT=6;

--
-- AUTO_INCREMENT for table `users`
--
ALTER TABLE `users`
  MODIFY `id` int(11) NOT NULL AUTO_INCREMENT, AUTO_INCREMENT=3;

--
-- Constraints for dumped tables
--

--
-- Constraints for table `aturan_hama`
--
ALTER TABLE `aturan_hama`
  ADD CONSTRAINT `aturan_hama_ibfk_1` FOREIGN KEY (`hama_id`) REFERENCES `hama` (`id`);

--
-- Constraints for table `deteksi_hama`
--
ALTER TABLE `deteksi_hama`
  ADD CONSTRAINT `deteksi_hama_ibfk_1` FOREIGN KEY (`hama_id`) REFERENCES `hama` (`id`);
COMMIT;

/*!40101 SET CHARACTER_SET_CLIENT=@OLD_CHARACTER_SET_CLIENT */;
/*!40101 SET CHARACTER_SET_RESULTS=@OLD_CHARACTER_SET_RESULTS */;
/*!40101 SET COLLATION_CONNECTION=@OLD_COLLATION_CONNECTION */;
